date,total_cases,new_cases,total_deaths,new_deaths,reproduction_rate,icu_patients,hosp_patients,weekly_icu_admissions,weekly_hosp_admissions,new_tests,total_tests,positive_rate,total_vaccinations,people_vaccinated,people_fully_vaccinated,new_vaccinations,stringency_index,population,Population Staying at Home,Population Not Staying at Home,C1_School closing,C2_Workplace closing,C3_Cancel public events,C4_Restrictions on gatherings,C5_Close public transport,C6_Stay at home requirements,C7_Restrictions on internal movement,C8_International travel controls,H1_Public information campaigns,H2_Testing policy,H3_Contact tracing,H4_Emergency investment in healthcare,H5_Investment in vaccines,H6_Facial Coverings,H7_Vaccination policy,H8_Protection of elderly people,M1_Wildcard,ConfirmedCases,ConfirmedDeaths,StringencyIndex,StringencyIndexForDisplay,StringencyLegacyIndex,StringencyLegacyIndexForDisplay,GovernmentResponseIndex,GovernmentResponseIndexForDisplay,ContainmentHealthIndex,ContainmentHealthIndexForDisplay
2020-01-22,1,,,,,,,,,,,,,,,,0,331002647,62367536,264799898,0,0,0,0,0,0,0,0,0,0,1,0,0,0,0,0,,1,0,0,0,0,0,3.12,3.12,3.57,3.57
2020-01-23,1,0,,,,,,,,,,,,,,,0,331002647,63631506,263535928,0,0,0,0,0,0,0,0,0,0,1,0,0,0,0,0,,1,0,0,0,0,0,3.12,3.12,3.57,3.57
2020-01-24,2,1,,,,,,,,,,,,,,,0,331002647,62012426,265155008,0,0,0,0,0,0,0,0,0,0,1,0,0,0,0,0,,2,0,0,0,0,0,3.12,3.12,3.57,3.57
2020-01-25,2,0,,,,,,,,,,,,,,,0,331002647,69129409,258038025,0,0,0,0,0,0,0,0,0,0,1,0,0,0,0,0,,2,0,0,0,0,0,3.12,3.12,3.57,3.57
2020-01-26,5,3,,,,,,,,,,,,,,,0,331002647,73941931,253225503,0,0,0,0,0,0,0,0,0,0,1,0,0,0,0,0,,5,0,0,0,0,0,3.12,3.12,3.57,3.57
2020-01-27,5,0,,,,,,,,,,,,,,,0,331002647,64111113,263056321,0,0,0,0,0,0,0,0,0,0,1,0,0,0,0,0,,5,0,0,0,0,0,3.12,3.12,3.57,3.57
2020-01-28,5,0,,,,,,,,,,,,,,,0,331002647,63348218,263819216,0,0,0,0,0,0,0,0,0,0,1,0,0,0,0,0,,5,0,0,0,0,0,3.12,3.12,3.57,3.57
2020-01-29,6,1,,,,,,,,,,,,,,,0,331002647,63791317,263376117,0,0,0,0,0,0,0,0,0,0,1,0,0,0,0,0,,6,0,0,0,0,0,3.12,3.12,3.57,3.57
2020-01-30,6,0,,,,,,,,,,,,,,,0,331002647,62466817,264700617,0,0,0,0,0,0,0,0,0,0,1,0,0,0,0,0,,6,0,0,0,0,0,3.12,3.12,3.57,3.57
2020-01-31,8,2,,,,,,,,,,,,,,,0,331002647,60279114,266888320,0,0,0,0,0,0,0,0,0,0,1,0,0,0,0,0,,8,0,0,0,0,0,3.12,3.12,3.57,3.57
2020-02-01,8,0,,,,,,,,,,,,,,,0,331002647,66752030,260415404,0,0,0,0,0,0,0,0,0,0,1,0,0,0,0,0,,8,0,0,0,0,0,3.12,3.12,3.57,3.57
2020-02-02,8,0,,,,,,,,,,,,,,,5.56,331002647,73049380,254118054,0,0,0,0,0,0,0,2,0,0,1,0,0,0,0,0,,8,0,5.56,5.56,7.14,7.14,6.25,6.25,7.14,7.14
2020-02-03,11,3,,,,,,,,,,,,,,,5.56,331002647,62674786,264492648,0,0,0,0,0,0,0,2,0,0,1,0,0,0,0,0,,11,0,5.56,5.56,7.14,7.14,6.25,6.25,7.14,7.14
2020-02-04,11,0,,,,,,,,,,,,,,,5.56,331002647,61679850,265487584,0,0,0,0,0,0,0,2,0,0,1,0,0,0,0,0,,11,0,5.56,5.56,7.14,7.14,6.25,6.25,7.14,7.14
2020-02-05,11,0,,,,,,,,,,,,,,,5.56,331002647,62904481,264262953,0,0,0,0,0,0,0,2,0,0,1,0,0,0,0,0,,11,0,5.56,5.56,7.14,7.14,6.25,6.25,7.14,7.14
2020-02-06,12,1,,,,,,,,,,,,,,,5.56,331002647,61906353,265261081,0,0,0,0,0,0,0,2,0,0,1,0,0,0,0,1,,12,0,5.56,5.56,7.14,7.14,8.33,8.33,9.52,9.52
2020-02-07,12,0,,,,,,,,,,,,,,,5.56,331002647,60378882,266788552,0,0,0,0,0,0,0,2,0,0,1,0,0,0,0,1,,12,0,5.56,5.56,7.14,7.14,8.33,8.33,9.52,9.52
2020-02-08,12,0,,,,,,,,,,,,,,,5.56,331002647,68190960,258976474,0,0,0,0,0,0,0,2,0,0,1,0,0,0,0,1,,12,0,5.56,5.56,7.14,7.14,8.33,8.33,9.52,9.52
2020-02-09,12,0,,,,,,,,,,,,,,,5.56,331002647,81478436,245688998,0,0,0,0,0,0,0,2,0,0,1,0,0,0,0,1,,12,0,5.56,5.56,7.14,7.14,8.33,8.33,9.52,9.52
2020-02-10,12,0,,,,,,,,,,,,,,,5.56,331002647,62675132,264492302,0,0,0,0,0,0,0,2,0,0,1,0,0,0,0,1,,12,0,5.56,5.56,7.14,7.14,8.33,8.33,9.52,9.52
2020-02-11,13,1,,,,,,,,,,,,,,,5.56,331002647,58433923,268733511,0,0,0,0,0,0,0,2,0,0,1,0,0,0,0,1,,13,0,5.56,5.56,7.14,7.14,8.33,8.33,9.52,9.52
2020-02-12,13,0,,,,,,,,,,,,,,,5.56,331002647,59593637,267573797,0,0,0,0,0,0,0,2,0,0,1,0,0,0,0,1,,13,0,5.56,5.56,7.14,7.14,8.33,8.33,9.52,9.52
2020-02-13,14,1,,,,,,,,,,,,,,,5.56,331002647,58647882,268519552,0,0,0,0,0,0,0,2,0,0,1,0,0,0,0,1,,14,0,5.56,5.56,7.14,7.14,8.33,8.33,9.52,9.52
2020-02-14,14,0,,,,,,,,,,,,,,,5.56,331002647,57024410,270143024,0,0,0,0,0,0,0,2,0,0,1,0,0,0,0,1,,14,0,5.56,5.56,7.14,7.14,8.33,8.33,9.52,9.52
2020-02-15,14,0,,,,,,,,,,,,,,,5.56,331002647,65226001,261941433,0,0,0,0,0,0,0,2,0,0,1,0,0,0,0,1,,14,0,5.56,5.56,7.14,7.14,8.33,8.33,9.52,9.52
2020-02-16,14,0,,,,,,,,,,,,,,,5.56,331002647,73049587,254117847,0,0,0,0,0,0,0,2,0,0,1,0,0,0,0,1,,14,0,5.56,5.56,7.14,7.14,8.33,8.33,9.52,9.52
2020-02-17,14,0,,,,,,,,,,,,,,,5.56,331002647,82467158,244700276,0,0,0,0,0,0,0,2,0,0,1,0,0,0,0,1,,14,0,5.56,5.56,7.14,7.14,8.33,8.33,9.52,9.52
2020-02-18,14,0,,,,,,,,,,,,,,,5.56,331002647,61680016,265487418,0,0,0,0,0,0,0,2,0,0,1,0,0,0,0,1,,14,0,5.56,5.56,7.14,7.14,8.33,8.33,9.52,9.52
2020-02-19,14,0,,,,,,,,,,,,,,,5.56,331002647,59593514,267573920,0,0,0,0,0,0,0,2,0,0,1,0,0,0,0,1,,14,0,5.56,5.56,7.14,7.14,8.33,8.33,9.52,9.52
2020-02-20,14,0,,,,,,,,,,,,,,,5.56,331002647,61906130,265261304,0,0,0,0,0,0,0,2,0,0,1,0,0,0,0,1,,14,0,5.56,5.56,7.14,7.14,8.33,8.33,9.52,9.52
2020-02-21,16,2,,,,,,,,,,,,,,,5.56,331002647,60379182,266788252,0,0,0,0,0,0,0,2,0,0,1,0,0,0,0,1,,16,0,5.56,5.56,7.14,7.14,8.33,8.33,9.52,9.52
2020-02-22,16,0,,,,,,,,,,,,,,,5.56,331002647,62261223,264906211,0,0,0,0,0,0,0,2,0,0,1,0,0,0,0,1,,16,0,5.56,5.56,7.14,7.14,8.33,8.33,9.52,9.52
2020-02-23,16,0,,,,,,,,,,,,,,,5.56,331002647,73049238,254118196,0,0,0,0,0,0,0,2,0,0,1,0,0,0,0,1,,16,0,5.56,5.56,7.14,7.14,8.33,8.33,9.52,9.52
2020-02-24,16,0,,,,,,,,,,,,,,,5.56,331002647,62674465,264492969,0,0,0,0,0,0,0,2,0,0,1,0,0,0,0,1,,16,0,5.56,5.56,7.14,7.14,8.33,8.33,9.52,9.52
2020-02-25,16,0,,,,,,,,,,,,,,,5.56,331002647,58433526,268733908,0,0,0,0,0,0,0,2,0,0,1,0,0,0,0,1,,16,0,5.56,5.56,7.14,7.14,8.33,8.33,9.52,9.52
2020-02-26,16,0,,,,,,,,,,,,,,,5.56,331002647,59593760,267573674,0,0,0,0,0,0,0,2,0,0,1,0,0,0,0,1,,16,0,5.56,5.56,7.14,7.14,8.33,8.33,9.52,9.52
2020-02-27,17,1,,,,,,,,,,,,,,,5.56,331002647,58647818,268519616,0,0,0,0,0,0,0,2,0,0,1,0,0,0,0,1,,17,0,5.56,5.56,7.14,7.14,8.33,8.33,9.52,9.52
2020-02-28,17,0,,,,,,,,,,,,,,,5.56,331002647,57024200,270143234,0,0,0,0,0,0,0,2,0,1,1,0,0,0,0,1,,17,0,5.56,5.56,7.14,7.14,10.42,10.42,11.9,11.9
2020-02-29,25,8,1,1,,,,,,,,,,,,,5.56,331002647,62261075,264906359,0,0,0,0,0,0,0,2,0,1,1,0,0,0,0,1,,25,1,5.56,5.56,7.14,7.14,10.42,10.42,11.9,11.9
2020-03-01,32,7,1,0,,,,,,372,372,,,,,,8.33,331002647,70239950,256927484,0,0,1,0,0,0,0,2,0,1,1,0,0,0,0,1,,32,1,8.33,8.33,11.9,11.9,11.98,11.98,13.69,13.69
2020-03-02,55,23,6,5,,,,,,521,893,,,,,,11.11,331002647,62675080,264492354,0,0,1,0,0,0,0,3,0,1,1,0,0,0,0,1,,55,6,11.11,11.11,15.48,15.48,13.54,13.54,15.48,15.48
2020-03-03,74,19,7,1,,,,,,913,1806,,,,,,11.11,331002647,58433989,268733445,0,0,1,0,0,0,0,3,0,1,1,0,0,0,0,1,,74,7,11.11,11.11,15.48,15.48,13.54,13.54,15.48,15.48
2020-03-04,107,33,11,4,,,,,,896,2702,,,,,,11.11,331002647,59594013,267573421,0,0,1,0,0,0,0,3,0,2,1,0,0,0,0,1,,107,11,11.11,11.11,15.48,15.48,15.62,15.62,17.86,17.86
2020-03-05,184,77,12,1,3.61,,,,,1199,3901,,,,,,20.37,331002647,55390150,271777284,3,0,1,0,0,0,0,3,0,2,1,0,0,0,0,1,,184,12,20.37,20.37,26.19,26.19,20.83,20.83,23.81,23.81
2020-03-06,237,53,14,2,3.56,,,,,1523,5424,,,,,,20.37,331002647,57024833,270142601,3,0,1,0,0,0,0,3,0,2,1,6700000000,826000000,0,0,1,,237,14,20.37,20.37,26.19,26.19,20.83,20.83,23.81,23.81
2020-03-07,403,166,17,3,3.58,,,,,1789,7213,0.042,,,,,20.37,331002647,62261631,264905803,3,0,1,0,0,0,0,3,0,2,1,0,0,0,0,1,,403,17,20.37,20.37,26.19,26.19,20.83,20.83,23.81,23.81
2020-03-08,519,116,21,4,3.46,,,,,1666,8879,0.053,,,,,20.37,331002647,70240074,256927360,3,0,1,0,0,0,0,3,0,2,1,0,0,0,0,1,,519,21,20.37,20.37,26.19,26.19,20.83,20.83,23.81,23.81
2020-03-09,594,75,22,1,3.32,,,,,2297,11176,0.065,,,,,20.37,331002647,62675176,264492258,3,0,1,0,0,0,0,3,0,2,1,0,0,0,0,1,,594,22,20.37,20.37,26.19,26.19,20.83,20.83,23.81,23.81
2020-03-10,782,188,28,6,3.36,,,,,3297,14473,0.076,,,,,20.37,331002647,61680334,265487100,3,0,1,0,0,0,0,3,0,2,1,0,0,1,0,1,,782,28,20.37,20.37,26.19,26.19,21.61,21.61,24.7,24.7
2020-03-11,1147,365,33,5,3.42,,,,,4653,19126,0.076,,,,,21.76,331002647,59594059,267573375,3,0,1,1,0,0,0,3,0,2,1,0,0,1,0,1,,1147,33,21.76,21.76,26.19,26.19,22.4,22.4,25.6,25.6
2020-03-12,1586,439,43,10,3.4,,,,,8540,27666,0.069,,,,,30.09,331002647,61906643,265260791,3,0,2,2,0,0,0,3,0,2,1,0,0,1,0,1,,1586,43,30.09,30.09,30.95,30.95,27.08,27.08,30.95,30.95
2020-03-13,2219,633,51,8,3.41,,,,,11407,39073,0.057,,,,,30.09,331002647,60379289,266788145,3,0,2,2,0,0,0,3,0,2,1,0,0,1,0,2,,2219,51,30.09,30.09,30.95,30.95,29.17,29.17,33.33,33.33
2020-03-14,2978,759,58,7,3.37,,,,,13009,52082,0.051,,,,,35.65,331002647,74121115,253046319,3,0,2,2,0,0,1,3,0,3,1,0,0,1,0,2,,2978,58,35.65,35.65,40.48,40.48,34.38,34.38,39.29,39.29
2020-03-15,3212,234,70,12,3.41,,,,,14494,66576,0.058,,,,,41.2,331002647,87097677,240069757,3,0,2,2,0,2,1,3,0,3,1,0,0,1,0,2,,3212,70,41.2,41.2,40.48,40.48,37.5,37.5,42.86,42.86
2020-03-16,4679,1467,97,27,3.61,,,,,27512,94088,0.048,,,,,52.31,331002647,75869938,251297496,3,0,2,2,0,2,1,3,2,3,1,0,0,1,0,2,,4679,97,52.31,52.31,54.76,54.76,43.75,43.75,50,50
2020-03-17,6512,1833,134,37,3.66,,,,,39951,134039,0.055,,,,,55.09,331002647,84404584,242762850,3,0,2,2,1,2,1,3,2,3,1,0,0,1,0,2,,6512,134,55.09,55.09,59.52,59.52,45.31,45.31,51.79,51.79
2020-03-18,9169,2657,194,60,3.65,,,,,50542,184581,0.059,,,,,55.09,331002647,89391093,237776341,3,0,2,2,1,2,1,3,2,3,1,57458000000,0,1,0,2,,9169,194,55.09,55.09,59.52,59.52,45.31,45.31,51.79,51.79
2020-03-19,13663,4494,266,72,3.62,,,,,61284,245865,0.065,,,,,67.13,331002647,91230685,235936749,3,3,2,2,1,2,2,3,2,3,1,0,0,1,0,2,,13663,266,67.13,67.13,70.24,70.24,52.08,52.08,59.52,59.52
2020-03-20,20030,6367,372,106,3.52,,,,,76591,322456,0.062,,,,,67.13,331002647,90568700,236598734,3,3,2,2,1,2,2,3,2,3,1,0,0,1,0,2,,20030,372,67.13,67.13,70.24,70.24,52.08,52.08,59.52,59.52
2020-03-21,26025,5995,475,103,3.34,,,,,75688,398144,0.066,,,,,72.69,331002647,100804517,226362917,3,3,2,4,1,2,2,3,2,3,1,0,0,1,0,2,,26025,475,72.69,72.69,72.14,72.14,55.21,55.21,63.1,63.1
2020-03-22,34898,8873,596,121,3.21,,,,,74068,472212,0.076,,,,,72.69,331002647,99351528,227815906,3,3,2,4,1,2,2,3,2,3,1,0,0,1,0,2,,34898,596,72.69,72.69,72.14,72.14,55.21,55.21,63.1,63.1
2020-03-23,46136,11238,788,192,2.99,,,,,79728,551940,0.089,,,,,72.69,331002647,89122519,238044915,3,3,2,4,1,2,2,3,2,3,1,0,0,1,0,2,,46136,788,72.69,72.69,72.14,72.14,55.21,55.21,63.1,63.1
2020-03-24,56755,10619,1031,243,2.75,,,,,104657,656597,0.093,,,,,72.69,331002647,91099456,236067978,3,3,2,4,1,2,2,3,2,3,1,0,0,1,0,2,,56755,1031,72.69,72.69,72.14,72.14,55.21,55.21,63.1,63.1
2020-03-25,68837,12082,1364,333,2.54,,,,,114614,771211,0.1,,,,,72.69,331002647,91702132,235465302,3,3,2,4,1,2,2,3,2,3,1,0,0,1,0,2,,68837,1364,72.69,72.69,72.14,72.14,55.21,55.21,63.1,63.1
2020-03-26,86693,17856,1783,419,2.41,,,,,129216,900427,0.109,,,,,72.69,331002647,91480315,235687119,3,3,2,4,1,2,2,3,2,3,1,0,0,1,0,2,,86693,1783,72.69,72.69,72.14,72.14,55.21,55.21,63.1,63.1
2020-03-27,105383,18690,2305,522,2.29,,,,,135914,1036341,0.12,,,,,72.69,331002647,90810744,236356690,3,3,2,4,1,2,2,3,2,3,1,242400000000,0,1,0,2,,105383,2305,72.69,72.69,72.14,72.14,63.02,63.02,63.1,63.1
2020-03-28,125013,19630,2947,642,2.2,,,,,122476,1158817,0.131,,,,,72.69,331002647,97475325,229692109,3,3,2,4,1,2,2,3,2,3,1,0,0,1,0,2,,125013,2947,72.69,72.69,72.14,72.14,63.02,63.02,63.1,63.1
2020-03-29,143912,18899,3571,624,2.11,,,,,110862,1269679,0.136,,,,,72.69,331002647,103367235,223800199,3,3,2,4,1,2,2,3,2,3,1,0,0,1,0,2,,143912,3571,72.69,72.69,72.14,72.14,63.02,63.02,63.1,63.1
2020-03-30,165987,22075,4284,713,2.01,,,,,123199,1392878,0.143,,,,,72.69,331002647,90744448,236422986,3,3,2,4,1,2,2,3,2,3,1,0,0,1,0,2,,165987,4284,72.69,72.69,72.14,72.14,63.02,63.02,63.1,63.1
2020-03-31,192301,26314,5369,1085,1.92,,,,,142530,1535408,0.15,,,,,72.69,331002647,93371152,233796282,3,3,2,4,1,2,2,3,2,3,1,0,0,1,0,2,,192301,5369,72.69,72.69,72.14,72.14,63.02,63.02,63.1,63.1
2020-04-01,224560,32259,6652,1283,1.82,,,,,153218,1688626,0.158,,,,,72.69,331002647,92048676,235118758,3,3,2,4,1,2,2,3,2,3,1,0,0,1,0,2,,224560,6653,72.69,72.69,72.14,72.14,63.02,63.02,63.1,63.1
2020-04-02,256792,32232,8164,1512,1.71,,,,,162089,1850715,0.162,,,,,72.69,331002647,92378990,234788444,3,3,2,4,1,2,2,3,2,3,1,0,0,1,0,2,,256792,8165,72.69,72.69,72.14,72.14,63.02,63.02,63.1,63.1
2020-04-03,289087,32295,9595,1431,1.62,,,,,169169,2019884,0.174,,,,,72.69,331002647,90694427,236473007,3,3,2,4,1,2,2,3,2,3,1,0,0,1,0,2,,289087,9595,72.69,72.69,72.14,72.14,63.02,63.02,63.1,63.1
2020-04-04,321477,32390,11158,1563,1.56,,,,,147460,2167344,0.181,,,,,72.69,331002647,98847351,228320083,3,3,2,4,1,2,2,3,2,3,1,0,0,2,0,2,,321477,11160,72.69,72.69,72.14,72.14,64.58,64.58,64.88,64.88
2020-04-05,351354,29877,12773,1615,1.49,,,,,138642,2305986,0.183,,,,,72.69,331002647,103024157,224143277,3,3,2,4,1,2,2,3,2,3,1,0,0,2,0,2,,351354,12773,72.69,72.69,72.14,72.14,64.58,64.58,64.88,64.88
2020-04-06,382747,31393,14544,1771,1.41,,,,,142740,2448726,0.199,,,,,72.69,331002647,93298445,233868989,3,3,2,4,1,2,2,3,2,3,1,0,0,3,0,2,,382747,14544,72.69,72.69,72.14,72.14,66.15,66.15,66.67,66.67
2020-04-07,413516,30769,17119,2575,1.33,,,,,180022,2628748,0.191,,,,,72.69,331002647,92991783,234175651,3,3,2,4,1,2,2,3,2,3,1,0,0,3,0,2,,413516,17122,72.69,72.69,72.14,72.14,66.15,66.15,66.67,66.67
2020-04-08,444731,31215,19279,2160,1.26,,,,,168130,2796878,0.193,,,,,72.69,331002647,92849902,234317532,3,3,2,4,1,2,2,3,2,3,1,0,0,3,0,2,,444731,19277,72.69,72.69,72.14,72.14,66.15,66.15,66.67,66.67
2020-04-09,480667,35936,21482,2203,1.2,,,,,174069,2970947,0.196,,,,,72.69,331002647,94603720,232563714,3,3,2,4,1,2,2,3,2,3,1,0,0,3,0,2,,480667,21480,72.69,72.69,72.14,72.14,66.15,66.15,66.67,66.67
2020-04-10,515081,34414,23676,2194,1.16,,,,,171544,3142491,0.195,,,,,72.69,331002647,89939305,237228129,3,3,2,4,1,2,2,3,2,3,1,0,0,3,0,2,,515081,23673,72.69,72.69,72.14,72.14,66.15,66.15,66.67,66.67
2020-04-11,544183,29102,25803,2127,1.13,,,,,210532,3353023,0.186,,,,,72.69,331002647,93559679,233607755,3,3,2,4,1,2,2,3,2,3,1,0,0,3,0,2,,544183,25801,72.69,72.69,72.14,72.14,66.15,66.15,66.67,66.67
2020-04-12,571440,27257,27677,1874,1.1,,,,,111747,3464770,0.193,,,,,72.69,331002647,110211784,216955650,3,3,2,4,1,2,2,3,2,3,1,0,0,3,0,2,,571440,27674,72.69,72.69,72.14,72.14,66.15,66.15,66.67,66.67
2020-04-13,598380,26940,29686,2009,1.07,,,,,114443,3579213,0.182,,,,,72.69,331002647,95963913,231203521,3,3,2,4,1,2,2,3,2,3,1,0,0,3,0,2,,598380,29687,72.69,72.69,72.14,72.14,66.15,66.15,66.67,66.67
2020-04-14,627205,28825,32120,2434,1.04,,,,,162275,3741488,0.188,,,,,72.69,331002647,90256445,236910989,3,3,2,4,1,2,2,3,2,3,1,0,0,3,0,2,,627205,32121,72.69,72.69,72.14,72.14,66.15,66.15,66.67,66.67
2020-04-15,652611,25406,34732,2612,1.01,,,,,172261,3913749,0.183,,,,,72.69,331002647,87388034,239779400,3,3,2,4,1,2,2,3,2,3,1,0,0,3,0,2,,652611,34726,72.69,72.69,72.14,72.14,66.15,66.15,66.67,66.67
2020-04-16,682626,30015,36875,2143,1,,,,,184030,4097779,0.179,,,,,72.69,331002647,91821128,235346306,3,3,2,4,1,2,2,3,2,3,1,0,0,3,0,2,,682626,36869,72.69,72.69,72.14,72.14,66.15,66.15,66.67,66.67
2020-04-17,715656,33030,38985,2110,1.01,,,,,197548,4295327,0.171,,,,,72.69,331002647,84488171,242679263,3,3,2,4,1,2,2,3,2,3,1,0,0,3,0,2,,715656,38978,72.69,72.69,72.14,72.14,66.15,66.15,66.67,66.67
2020-04-18,743588,27932,40958,1973,1.02,,,,,166774,4462101,0.175,,,,,72.69,331002647,93559587,233607847,3,3,2,4,1,2,2,3,2,3,1,0,0,3,0,2,,743588,40958,72.69,72.69,72.14,72.14,66.15,66.15,66.67,66.67
2020-04-19,769684,26096,42929,1971,1.03,,,,,133911,4596012,0.169,,,,,72.69,331002647,95836344,231331090,3,3,2,4,1,2,2,3,2,3,1,0,0,3,0,2,,769684,42928,72.69,72.69,72.14,72.14,66.15,66.15,66.67,66.67
2020-04-20,799512,29828,45158,2229,1.03,,,,,159498,4755510,0.167,,,,,72.69,331002647,85301537,241865897,3,3,2,4,1,2,2,3,2,3,1,0,0,3,0,2,,799512,45160,72.69,72.69,72.14,72.14,66.15,66.15,66.67,66.67
2020-04-21,825429,25917,47672,2514,1.02,,,,,221122,4976632,0.159,,,,,72.69,331002647,89242172,237925262,3,3,2,4,1,2,2,3,2,3,1,0,0,3,0,2,,825429,47676,72.69,72.69,72.14,72.14,66.15,66.15,66.67,66.67
2020-04-22,854288,28859,50132,2460,1.01,,,,,235347,5211979,0.151,,,,,72.69,331002647,88142841,239024593,3,3,2,4,1,2,2,3,2,3,1,0,0,3,0,2,,854288,50128,72.69,72.69,72.14,72.14,66.15,66.15,66.67,66.67
2020-04-23,887858,33570,52588,2456,1,,,,,232524,5444503,0.152,,,,,72.69,331002647,87773716,239393718,3,3,2,4,1,2,2,3,2,3,1,0,0,3,0,2,,887858,52591,72.69,72.69,72.14,72.14,66.15,66.15,66.67,66.67
2020-04-24,920185,32327,54776,2188,1,,,,,258812,5703315,0.145,,,,,72.69,331002647,86206815,240960619,3,3,2,4,1,2,2,3,2,3,1,100000000000,0,3,0,2,,920185,54777,72.69,72.69,72.14,72.14,66.15,66.15,66.67,66.67
2020-04-25,950581,30396,56487,1711,1,,,,,219246,5922561,0.143,,,,,72.69,331002647,90778788,236388646,3,3,2,4,1,2,2,3,2,3,1,0,0,3,0,2,,950581,56487,72.69,72.69,72.14,72.14,66.15,66.15,66.67,66.67
2020-04-26,977082,26501,57886,1399,0.99,,,,,171263,6093824,0.141,,,,,72.69,331002647,97137810,230029624,3,3,2,4,1,2,2,3,2,3,1,0,0,3,0,2,,977082,57886,72.69,72.69,72.14,72.14,66.15,66.15,66.67,66.67
2020-04-27,1000785,23703,59394,1508,0.97,,,,,225797,6319621,0.131,,,,,72.69,331002647,86719071,240448363,3,3,2,4,1,2,2,3,2,3,1,0,0,3,0,2,,1000785,59394,72.69,72.69,72.14,72.14,66.15,66.15,66.67,66.67
2020-04-28,1025362,24577,61618,2224,0.96,,,,,268786,6588407,0.126,,,,,72.69,331002647,85864112,241303322,3,3,2,4,1,2,2,3,2,3,1,0,0,3,0,2,,1025362,61621,72.69,72.69,72.14,72.14,66.15,66.15,66.67,66.67
2020-04-29,1051800,26438,64036,2418,0.96,,,,,294567,6882974,0.121,,,,,72.69,331002647,86596074,240571360,3,3,2,4,1,2,2,3,2,3,1,0,0,3,0,2,,1051800,64036,72.69,72.69,72.14,72.14,66.15,66.15,66.67,66.67
2020-04-30,1081020,29220,66231,2195,0.96,,,,,322049,7205023,0.112,,,,,72.69,331002647,85771487,241395947,3,3,2,4,1,2,2,3,2,3,1,0,0,3,0,2,,1081020,66233,72.69,72.69,72.14,72.14,66.15,66.15,66.67,66.67
2020-05-01,1115946,34926,68140,1909,0.97,,,,,336744,7541767,0.107,,,,,72.69,331002647,81698374,245469060,3,3,2,4,1,2,2,3,2,3,1,0,0,3,0,2,,1115946,68138,72.69,72.69,72.14,72.14,66.15,66.15,66.67,66.67
2020-05-02,1143296,27350,69871,1731,0.97,,,,,268373,7810140,0.102,,,,,72.69,331002647,86256940,240910494,3,3,2,4,1,2,2,3,2,3,1,0,0,3,0,2,,1143296,69870,72.69,72.69,72.14,72.14,66.15,66.15,66.67,66.67
2020-05-03,1167593,24297,71061,1190,0.96,,,,,215031,8025171,0.1,,,,,72.69,331002647,93108775,234058659,3,3,2,4,1,2,2,3,2,3,1,0,0,3,0,2,,1167593,71059,72.69,72.69,72.14,72.14,66.15,66.15,66.67,66.67
2020-05-04,1191678,24085,72440,1379,0.95,,,,,250239,8275410,0.097,,,,,72.69,331002647,84028680,243138754,3,3,2,4,1,2,2,3,2,3,1,0,0,3,0,2,,1191678,72438,72.69,72.69,72.14,72.14,66.15,66.15,66.67,66.67
2020-05-05,1216209,24531,74682,2242,0.94,,,,,319658,8595068,0.094,,,,,72.69,331002647,83828841,243338593,3,3,2,4,1,2,2,3,2,3,1,0,0,3,0,2,,1216209,74684,72.69,72.69,72.14,72.14,66.15,66.15,66.67,66.67
2020-05-06,1240769,24560,76996,2314,0.92,,,,,358717,8953785,0.089,,,,,72.69,331002647,84084471,243082963,3,3,2,4,1,2,2,3,2,3,1,0,0,3,0,2,,1240769,76996,72.69,72.69,72.14,72.14,66.15,66.15,66.67,66.67
2020-05-07,1268180,27411,78925,1929,0.91,,,,,361074,9314859,0.087,,,,,72.69,331002647,82714844,244452590,3,3,2,4,1,2,2,3,2,3,1,0,0,3,0,2,,1268180,78923,72.69,72.69,72.14,72.14,66.15,66.15,66.67,66.67
2020-05-08,1295019,26839,80688,1763,0.91,,,,,401370,9716229,0.083,,,,,72.69,331002647,82776980,244390454,3,3,2,4,1,2,2,3,2,3,1,0,0,3,0,2,,1295019,80684,72.69,72.69,72.14,72.14,66.15,66.15,66.67,66.67
2020-05-09,1320155,25136,82156,1468,0.91,,,,,335175,10051404,0.079,,,,,72.69,331002647,86531158,240636276,3,3,2,4,1,2,2,3,2,3,1,0,0,3,0,2,,1320155,82151,72.69,72.69,72.14,72.14,66.15,66.15,66.67,66.67
2020-05-10,1339022,18867,83134,978,0.91,,,,,249085,10300489,0.076,,,,,72.69,331002647,90137549,237029885,3,3,2,4,1,2,2,3,2,3,1,0,0,3,0,2,,1339022,83127,72.69,72.69,72.14,72.14,66.15,66.15,66.67,66.67
2020-05-11,1358293,19271,84176,1042,0.91,,,,,318895,10619384,0.073,,,,,72.69,331002647,76297675,250869759,3,3,2,4,1,2,2,3,2,3,1,0,0,3,0,2,,1358293,84170,72.69,72.69,72.14,72.14,66.15,66.15,66.67,66.67
2020-05-12,1381241,22948,85775,1599,0.92,,,,,419910,11039294,0.07,,,,,72.69,331002647,74536940,252630494,3,3,2,4,1,2,2,3,2,3,1,0,0,3,0,2,,1381241,85770,72.69,72.69,72.14,72.14,66.15,66.15,66.67,66.67
2020-05-13,1401649,20408,87502,1727,0.92,,,,,449034,11488328,0.066,,,,,72.69,331002647,75826472,251340962,3,3,2,4,1,2,2,3,2,3,1,0,0,3,0,2,,1401649,87508,72.69,72.69,72.14,72.14,66.15,66.15,66.67,66.67
2020-05-14,1428467,26818,89298,1796,0.93,,,,,448697,11937025,0.063,,,,,72.69,331002647,75050011,252117423,3,3,2,4,1,2,2,3,2,3,1,0,0,3,0,2,,1428467,89296,72.69,72.69,72.14,72.14,66.15,66.15,66.67,66.67
2020-05-15,1453214,24747,90966,1668,0.93,,,,,444912,12381937,0.061,,,,,72.69,331002647,73913951,253253483,3,3,2,4,1,2,2,3,2,3,1,0,0,3,0,2,,1453214,90966,72.69,72.69,72.14,72.14,66.15,66.15,66.67,66.67
2020-05-16,1477373,24159,92164,1198,0.94,,,,,365016,12746953,0.062,,,,,72.69,331002647,78855104,248312330,3,3,2,4,1,2,2,3,2,3,1,0,0,3,0,2,,1477373,92165,72.69,72.69,72.14,72.14,66.15,66.15,66.67,66.67
2020-05-17,1495736,18363,92985,821,0.95,,,,,304396,13051349,0.057,,,,,72.69,331002647,76535744,250631690,3,3,2,4,1,2,2,3,2,3,1,0,0,3,0,2,,1495736,92983,72.69,72.69,72.14,72.14,66.15,66.15,66.67,66.67
2020-05-18,1518126,22390,94212,1227,0.96,,,,,353687,13405036,0.058,,,,,72.69,331002647,65134969,262032465,3,3,2,4,1,2,2,3,2,3,1,0,0,3,0,2,,1518126,94210,72.69,72.69,72.14,72.14,66.15,66.15,66.67,66.67
2020-05-19,1539133,21007,95668,1456,0.96,,,,,432260,13837296,0.059,,,,,72.69,331002647,64655334,262512100,3,3,2,4,1,2,2,3,2,3,1,0,0,3,0,2,,1539133,95667,72.69,72.69,72.14,72.14,66.15,66.15,66.67,66.67
2020-05-20,1561830,22697,97169,1501,0.96,,,,,461362,14298658,0.059,,,,,72.69,331002647,63747441,263419993,3,3,2,4,1,2,2,3,2,3,1,0,0,3,0,2,,1561830,97167,72.69,72.69,72.14,72.14,66.15,66.15,66.67,66.67
2020-05-21,1587596,25766,98354,1185,0.95,,,,,458770,14757428,0.057,,,,,72.69,331002647,61674190,265493244,3,3,2,4,1,2,2,3,2,3,1,0,1200000000,3,0,2,,1587596,98355,72.69,72.69,72.14,72.14,66.15,66.15,66.67,66.67
2020-05-22,1611253,23657,99571,1217,0.94,,,,,490467,15247895,0.056,,,,,72.69,331002647,58899373,268268061,3,3,2,4,1,2,2,3,2,3,1,0,0,3,0,2,,1611253,99575,72.69,72.69,72.14,72.14,66.15,66.15,66.67,66.67
2020-05-23,1632364,21111,100660,1089,0.94,,,,,389944,15637839,0.054,,,,,72.69,331002647,67107738,260059696,3,3,2,4,1,2,2,3,2,3,1,0,0,3,0,2,,1632364,100661,72.69,72.69,72.14,72.14,66.15,66.15,66.67,66.67
2020-05-24,1652431,20067,101299,639,0.95,,,,,346524,15984363,0.054,,,,,72.69,331002647,80640735,246526699,3,3,2,4,1,2,2,3,2,3,1,0,0,3,0,2,,1652431,101298,72.69,72.69,72.14,72.14,66.15,66.15,66.67,66.67
2020-05-25,1671104,18673,101891,592,0.94,,,,,329602,16313965,0.054,,,,,72.69,331002647,80848437,246318997,3,3,2,4,1,2,2,3,2,3,1,0,0,3,0,2,,1671104,101890,72.69,72.69,72.14,72.14,66.15,66.15,66.67,66.67
2020-05-26,1690754,19650,102568,677,0.94,,,,,459744,16773709,0.051,,,,,72.69,331002647,72797585,254369849,3,3,2,4,1,2,2,3,2,3,1,0,0,3,0,2,,1690754,102567,72.69,72.69,72.14,72.14,66.15,66.15,66.67,66.67
2020-05-27,1709303,18549,104030,1462,0.94,,,,,552276,17325985,0.049,,,,,72.69,331002647,72444598,254722836,3,3,2,4,1,2,2,3,2,3,1,0,0,3,0,2,,1709303,104029,72.69,72.69,72.14,72.14,66.15,66.15,66.67,66.67
2020-05-28,1731625,22322,105131,1101,0.95,,,,,534795,17860780,0.048,,,,,72.69,331002647,73762817,253404617,3,3,2,4,1,2,2,3,2,3,1,0,0,3,0,2,,1731625,105136,72.69,72.69,72.14,72.14,66.15,66.15,66.67,66.67
2020-05-29,1756098,24473,106264,1133,0.97,,,,,543309,18404089,0.045,,,,,72.69,331002647,78840421,248327013,3,3,2,4,1,2,2,3,2,3,1,0,0,3,0,2,,1756098,106270,72.69,72.69,72.14,72.14,66.15,66.15,66.67,66.67
2020-05-30,1779731,23633,107218,954,0.98,,,,,451343,18855432,0.044,,,,,72.69,331002647,80927024,246240410,3,3,2,4,1,2,2,3,2,3,1,0,0,3,0,2,,1779731,107224,72.69,72.69,72.14,72.14,66.15,66.15,66.67,66.67
2020-05-31,1798718,18987,107833,615,0.98,,,,,373247,19228679,0.047,,,,,72.69,331002647,84859996,242307438,3,3,2,4,1,2,2,3,2,3,1,0,0,3,0,2,,1798718,107837,72.69,72.69,72.14,72.14,66.15,66.15,66.67,66.67
2020-06-01,1816154,17436,108609,776,0.98,,,,,437218,19665897,0.042,,,,,72.69,331002647,74950180,252217254,3,3,2,4,1,2,2,3,2,3,1,0,0,3,0,2,,1816154,108613,72.69,72.69,72.14,72.14,66.15,66.15,66.67,66.67
2020-06-02,1837656,21502,109590,981,0.98,,,,,520730,20186627,0.044,,,,,72.69,331002647,76026911,251140523,3,3,2,4,1,2,2,3,2,3,1,0,0,3,0,2,,1837656,109594,72.69,72.69,72.14,72.14,66.15,66.15,66.67,66.67
2020-06-03,1857511,19855,110600,1010,0.98,,,,,580571,20767198,0.042,,,,,72.69,331002647,69955426,257212008,3,3,2,4,1,2,2,3,2,3,1,0,0,3,0,2,,1857511,110605,72.69,72.69,72.14,72.14,66.15,66.15,66.67,66.67
2020-06-04,1879150,21639,111613,1013,0.98,,,,,616381,21383579,0.041,,,,,72.69,331002647,70414491,256752943,3,3,2,4,1,2,2,3,2,3,1,0,0,3,0,2,,1879150,111617,72.69,72.69,72.14,72.14,66.15,66.15,66.67,66.67
2020-06-05,1904550,25400,112504,891,0.98,,,,,571620,21955199,0.044,,,,,72.69,331002647,69989513,257177921,3,3,2,4,1,2,2,3,2,3,1,0,0,3,0,2,,1904550,112512,72.69,72.69,72.14,72.14,66.15,66.15,66.67,66.67
2020-06-06,1925710,21160,113146,642,0.98,,,,,463876,22419075,0.045,,,,,72.69,331002647,79705726,247461708,3,3,2,4,1,2,2,3,2,3,1,0,0,3,0,2,,1925710,113156,72.69,72.69,72.14,72.14,66.15,66.15,66.67,66.67
2020-06-07,1943626,17916,113605,459,0.99,,,,,405822,22824897,0.042,,,,,72.69,331002647,78462106,248705328,3,3,2,4,1,2,2,3,2,3,1,0,0,3,0,2,,1943626,113613,72.69,72.69,72.14,72.14,66.15,66.15,66.67,66.67
2020-06-08,1961263,17637,114112,507,0.99,,,,,448594,23273491,0.043,,,,,72.69,331002647,68458522,258708912,3,3,2,4,1,2,2,3,2,3,1,0,0,3,0,2,,1961263,114120,72.69,72.69,72.14,72.14,66.15,66.15,66.67,66.67
2020-06-09,1979647,18384,115025,913,1,,,,,559382,23832873,0.04,,,,,72.69,331002647,74111378,253056056,3,3,2,4,1,2,2,3,2,3,1,0,0,3,0,2,,1979647,115033,72.69,72.69,72.14,72.14,66.15,66.15,66.67,66.67
2020-06-10,2000757,21110,115901,876,1.02,,,,,627432,24460305,0.042,,,,,72.69,331002647,73657277,253510157,3,3,2,4,1,2,2,3,2,3,1,0,0,3,0,2,,2000757,115907,72.69,72.69,72.14,72.14,66.15,66.15,66.67,66.67
2020-06-11,2023890,23133,116731,830,1.04,,,,,614519,25074824,0.042,,,,,72.69,331002647,71475817,255691617,3,3,2,4,1,2,2,3,2,3,1,0,0,3,0,2,,2023890,116737,72.69,72.69,72.14,72.14,66.15,66.15,66.67,66.67
2020-06-12,2048756,24866,117560,829,1.06,,,,,616249,25691073,0.04,,,,,72.69,331002647,71576618,255590816,3,3,2,4,1,2,2,3,2,3,1,0,0,3,0,2,,2048756,117566,72.69,72.69,72.14,72.14,66.15,66.15,66.67,66.67
2020-06-13,2073964,25208,118295,735,1.08,,,,,532312,26223385,0.038,,,,,72.69,331002647,74856283,252311151,3,3,2,4,1,2,2,3,2,3,1,0,0,3,0,2,,2073964,118299,72.69,72.69,72.14,72.14,66.15,66.15,66.67,66.67
2020-06-14,2092912,18948,118640,345,1.09,,,,,413461,26636846,0.039,,,,,72.69,331002647,81305338,245862096,3,3,2,4,1,2,2,3,2,3,1,0,0,3,0,2,,2092912,118642,72.69,72.69,72.14,72.14,66.15,66.15,66.67,66.67
2020-06-15,2112731,19819,119036,396,1.11,,,,,505385,27142231,0.039,,,,,68.98,331002647,76163687,251003747,3,2,2,4,1,2,2,3,2,3,1,0,0,3,0,2,,2112731,119037,68.98,68.98,68.57,68.57,64.06,64.06,64.29,64.29
2020-06-16,2136401,23670,119850,814,1.14,,,,,673786,27816017,0.041,,,,,68.98,331002647,75543198,251624236,3,2,2,4,1,2,2,3,2,3,1,0,0,3,0,2,,2136401,119851,68.98,68.98,68.57,68.57,64.06,64.06,64.29,64.29
2020-06-17,2163465,27064,120589,739,1.16,,,,,706139,28522156,0.041,,,,,68.98,331002647,73067593,254099841,3,2,2,4,1,2,2,3,2,3,1,0,0,3,0,2,,2163465,120590,68.98,68.98,68.57,68.57,64.06,64.06,64.29,64.29
2020-06-18,2191991,28526,121278,689,1.19,,,,,703434,29225590,0.041,,,,,68.98,331002647,72476074,254691360,3,2,2,4,1,2,2,3,2,3,1,0,0,3,0,2,,2191991,121280,68.98,68.98,68.57,68.57,64.06,64.06,64.29,64.29
2020-06-19,2223553,31562,121907,629,1.21,,,,,704940,29930530,0.043,,,,,68.98,331002647,71891991,255275443,3,2,2,4,1,2,2,3,2,3,1,0,0,3,0,2,,2223553,121908,68.98,68.98,68.57,68.57,64.06,64.06,64.29,64.29
2020-06-20,2255823,32270,122466,559,1.24,,,,,584495,30515025,0.044,,,,,68.98,331002647,77616767,249550667,3,2,2,4,1,2,2,3,2,3,1,0,0,3,0,2,,2255823,122470,68.98,68.98,68.57,68.57,64.06,64.06,64.29,64.29
2020-06-21,2280971,25148,122783,317,1.25,,,,,422763,30937788,0.045,,,,,68.98,331002647,84148517,243018917,3,2,2,4,1,2,2,3,2,3,1,0,0,3,0,2,,2280971,122784,68.98,68.98,68.57,68.57,64.06,64.06,64.29,64.29
2020-06-22,2313123,32152,123190,407,1.27,,,,,547736,31485524,0.046,,,,,68.98,331002647,76197592,250969842,3,2,2,4,1,2,2,3,2,3,1,0,0,3,0,2,,2313123,123192,68.98,68.98,68.57,68.57,64.06,64.06,64.29,64.29
2020-06-23,2350198,37075,123938,748,1.29,,,,,702059,32187583,0.047,,,,,68.98,331002647,73345776,253821658,3,2,2,4,1,2,2,3,2,3,1,0,0,3,0,2,,2350198,123940,68.98,68.98,68.57,68.57,64.06,64.06,64.29,64.29
2020-06-24,2386074,35876,124675,737,1.29,,,,,767027,32954610,0.05,,,,,68.98,331002647,77223311,249944123,3,2,2,4,1,2,2,3,2,3,1,0,0,3,0,2,,2386074,124688,68.98,68.98,68.57,68.57,64.06,64.06,64.29,64.29
2020-06-25,2426391,40317,125212,537,1.29,,,,,774295,33728905,0.052,,,,,68.98,331002647,74220726,252946708,3,2,2,4,1,2,2,3,2,3,1,0,0,3,0,2,,2426391,125218,68.98,68.98,68.57,68.57,64.06,64.06,64.29,64.29
2020-06-26,2472385,45994,125841,629,1.3,,,,,811880,34540785,0.053,,,,,68.98,331002647,74370910,252796524,3,2,2,4,1,2,2,3,2,3,1,0,0,3,0,2,,2472385,125844,68.98,68.98,68.57,68.57,64.06,64.06,64.29,64.29
2020-06-27,2513731,41346,126344,503,1.3,,,,,696429,35237214,0.055,,,,,68.98,331002647,77993738,249173696,3,2,2,4,1,2,2,3,2,3,1,0,0,3,0,2,,2513731,126346,68.98,68.98,68.57,68.57,64.06,64.06,64.29,64.29
2020-06-28,2554461,40730,126662,318,1.29,,,,,563870,35801084,0.056,,,,,68.98,331002647,82069260,245098174,3,2,2,4,1,2,2,3,2,3,1,0,0,3,0,2,,2554461,126665,68.98,68.98,68.57,68.57,64.06,64.06,64.29,64.29
2020-06-29,2595744,41283,127047,385,1.29,,,,,664210,36465294,0.057,,,,,68.98,331002647,78791722,248375712,3,2,2,4,1,2,2,3,2,3,1,0,0,3,0,2,,2595744,127048,68.98,68.98,68.57,68.57,64.06,64.06,64.29,64.29
2020-06-30,2642174,46430,127600,553,1.28,,,,,855360,37320654,0.057,,,,,68.98,331002647,77346196,249821238,3,2,2,4,1,2,2,3,2,3,1,0,0,3,0,2,,2642174,127605,68.98,68.98,68.57,68.57,64.06,64.06,64.29,64.29
2020-07-01,2693993,51819,128304,704,1.27,,,,,888247,38208901,0.059,,,,,68.98,331002647,75288661,251878773,3,2,2,4,1,2,2,3,2,3,1,0,0,4,0,2,,2693993,128310,68.98,68.98,68.57,68.57,65.62,65.62,66.07,66.07
2020-07-02,2750622,56629,129017,713,1.25,,,,,860513,39069414,0.06,,,,,68.98,331002647,79847198,247320236,3,2,2,4,1,2,2,3,2,3,1,0,0,4,0,2,,2750622,129026,68.98,68.98,68.57,68.57,65.62,65.62,66.07,66.07
2020-07-03,2801983,51361,129687,670,1.23,,,,,800073,39869487,0.063,,,,,68.98,331002647,83897555,243269879,3,2,2,4,1,2,2,3,2,3,1,0,0,4,0,2,,2801983,129693,68.98,68.98,68.57,68.57,65.62,65.62,66.07,66.07
2020-07-04,2847664,45681,130002,315,1.22,,,,,620412,40489899,0.065,,,,,68.98,331002647,89495942,237671492,3,2,2,4,1,2,2,3,2,3,1,0,0,4,0,2,,2847664,129999,68.98,68.98,68.57,68.57,65.62,65.62,66.07,66.07
2020-07-05,2898432,50768,130328,326,1.22,,,,,526947,41016846,0.066,,,,,68.98,331002647,83640828,243526606,3,2,2,4,1,2,2,3,2,3,1,0,0,4,0,2,,2898432,130324,68.98,68.98,68.57,68.57,65.62,65.62,66.07,66.07
2020-07-06,2941517,43085,130704,376,1.21,,,,,726202,41743048,0.068,,,,,68.98,331002647,80309707,246857727,3,2,2,4,1,2,2,3,2,3,1,0,0,4,0,2,,2941517,130700,68.98,68.98,68.57,68.57,65.62,65.62,66.07,66.07
2020-07-07,3002171,60654,131866,1162,1.22,,,,,902891,42645939,0.068,,,,,68.98,331002647,78482259,248685175,3,2,2,4,1,2,2,3,2,3,1,0,1600000000,4,0,2,,3002171,131863,68.98,68.98,68.57,68.57,65.62,65.62,66.07,66.07
2020-07-08,3062290,60119,132691,825,1.21,,,,,981153,43627092,0.069,,,,,68.98,331002647,77804889,249362545,3,2,2,4,1,2,2,3,2,3,1,0,0,4,0,2,,3062290,132704,68.98,68.98,68.57,68.57,65.62,65.62,66.07,66.07
2020-07-09,3124786,62496,133711,1020,1.21,,,,,1011042,44638134,0.068,,,,,68.98,331002647,77581232,249586202,3,2,2,4,1,2,2,3,2,3,1,0,0,4,0,2,,3124786,133716,68.98,68.98,68.57,68.57,65.62,65.62,66.07,66.07
2020-07-10,3192841,68055,134528,817,1.2,,,,,1012694,45650828,0.067,,,,,68.98,331002647,76549582,250617852,3,2,2,4,1,2,2,3,2,3,1,0,0,4,0,2,,3192841,134522,68.98,68.98,68.57,68.57,65.62,65.62,66.07,66.07
2020-07-11,3252874,60033,135256,728,1.2,,,,,839633,46490461,0.067,,,,,68.98,331002647,81888780,245278654,3,2,2,4,1,2,2,3,2,3,1,0,0,4,0,2,,3252874,135249,68.98,68.98,68.57,68.57,65.62,65.62,66.07,66.07
2020-07-12,3311312,58438,135728,472,1.19,,,,,693589,47184050,0.068,,,,,68.98,331002647,85239143,241928291,3,2,2,4,1,2,2,3,2,3,1,0,0,4,0,2,,3311312,135721,68.98,68.98,68.57,68.57,65.62,65.62,66.07,66.07
2020-07-13,3370208,58896,136173,445,1.18,,,,,867082,48051132,0.068,,,,,68.98,331002647,78255877,248911557,3,2,2,4,1,2,2,3,2,3,1,0,0,4,0,2,,3370208,136165,68.98,68.98,68.57,68.57,65.62,65.62,66.07,66.07
2020-07-14,3438244,68036,137101,928,1.16,,,,,999494,49050626,0.068,,,,,68.98,331002647,79590590,247576844,3,2,2,4,1,2,2,3,2,3,1,0,0,4,0,2,,3438244,137094,68.98,68.98,68.57,68.57,65.62,65.62,66.07,66.07
2020-07-15,3506364,68120,138076,975,1.15,9264,33869,,,1032259,50082885,0.068,,,,,68.98,331002647,78460238,248707196,3,2,2,4,1,2,2,3,2,3,1,0,0,4,0,2,,3506364,138067,68.98,68.98,68.57,68.57,65.62,65.62,66.07,66.07
2020-07-16,3582184,75820,139032,956,1.13,9814,38355,,,1025909,51108794,0.07,,,,,68.98,331002647,79063819,248103615,3,2,2,4,1,2,2,3,2,3,1,0,0,4,0,2,,3582184,139022,68.98,68.98,68.57,68.57,65.62,65.62,66.07,66.07
2020-07-17,3654445,72261,139956,924,1.11,10671,39893,,,1044985,52153779,0.071,,,,,68.98,331002647,78987441,248179993,3,2,2,4,1,2,2,3,2,3,1,0,0,4,0,2,,3654445,139947,68.98,68.98,68.57,68.57,65.62,65.62,66.07,66.07
2020-07-18,3716980,62535,140813,857,1.1,10947,40302,,,907262,53061041,0.071,,,,,68.98,331002647,85095758,242071676,3,2,2,4,1,2,2,3,2,3,1,0,0,4,0,2,,3716980,140816,68.98,68.98,68.57,68.57,65.62,65.62,66.07,66.07
2020-07-19,3777456,60476,141293,480,1.08,10289,38042,,21480,714299,53775340,0.071,,,,,68.98,331002647,91567202,235600232,3,2,2,4,1,2,2,3,2,3,1,0,0,4,0,2,,3777456,141282,68.98,68.98,68.57,68.57,65.62,65.62,66.07,66.07
2020-07-20,3839546,62090,141856,563,1.07,11268,41006,,,907253,54682593,0.071,,,,,67.13,331002647,86409502,240757932,3,2,2,4,1,1,2,3,2,3,1,0,0,4,0,2,,3839546,141845,67.13,67.13,68.57,68.57,64.58,64.58,64.88,64.88
2020-07-21,3904066,64520,142947,1091,1.05,11434,42043,,,1035264,55717857,0.071,,,,,67.13,331002647,82985381,244182053,3,2,2,4,1,1,2,3,2,3,1,0,0,4,0,2,,3904066,142939,67.13,67.13,68.57,68.57,64.58,64.58,64.88,64.88
2020-07-22,3974630,70564,144171,1224,1.04,12440,45938,,,1105569,56823426,0.07,,,,,67.13,331002647,81477809,245689625,3,2,2,4,1,1,2,3,2,3,1,0,1950000000,4,0,2,,3974630,144162,67.13,67.13,68.57,68.57,64.58,64.58,64.88,64.88
2020-07-23,4043070,68440,145241,1070,1.03,13571,46743,,,1082261,57905687,0.069,,,,,67.13,331002647,82417168,244750266,3,2,2,4,1,1,2,3,2,3,1,0,0,4,0,2,,4043070,145248,67.13,67.13,68.57,68.57,64.58,64.58,64.88,64.88
2020-07-24,4116393,73323,146348,1107,1.02,13588,46506,,,1072062,58977749,0.069,,,,,67.13,331002647,78917813,248249621,3,2,2,4,1,1,2,3,2,3,1,0,0,4,0,2,,4116393,146348,67.13,67.13,68.57,68.57,64.58,64.58,64.88,64.88
2020-07-25,4181308,64915,147278,930,1.01,14221,51270,,,878730,59856479,0.069,,,,,67.13,331002647,85536625,241630809,3,2,2,4,1,1,2,3,2,3,1,0,0,4,0,2,,4181308,147261,67.13,67.13,68.57,68.57,64.58,64.58,64.88,64.88
2020-07-26,4236083,54775,147809,531,1.01,12232,42503,,33427,673702,60530181,0.068,,,,,67.13,331002647,86627901,240539533,3,2,2,4,1,1,2,3,2,3,1,0,472000000,4,0,2,,4236083,147795,67.13,67.13,68.57,68.57,64.58,64.58,64.88,64.88
2020-07-27,4292934,56851,148935,1126,1,14034,46562,,,794726,61324907,0.069,,,,,67.13,331002647,84141818,243025616,3,2,2,4,1,1,2,3,2,3,1,0,,4,0,2,,4292934,148915,67.13,67.13,68.57,68.57,64.58,64.58,64.88,64.88
2020-07-28,4359391,66457,150265,1330,0.99,14414,47640,,,962798,62287705,0.069,,,,,67.13,331002647,80626059,246541375,3,2,2,4,1,1,2,3,2,3,1,0,0,4,0,2,,4359391,150256,67.13,67.13,68.57,68.57,64.58,64.58,64.88,64.88
2020-07-29,4431244,71853,151679,1414,0.98,13862,45168,,,1036752,63324457,0.069,,,,,67.13,331002647,82305092,244862342,3,2,2,4,1,1,2,3,2,3,1,0,0,4,0,2,,4431244,151683,67.13,67.13,68.57,68.57,64.58,64.58,64.88,64.88
2020-07-30,4498701,67457,152910,1231,0.96,14504,46408,,,1035014,64359471,0.068,,,,,67.13,331002647,78830823,248336611,3,2,2,4,1,1,2,3,2,3,1,0,0,4,0,2,,4498701,152909,67.13,67.13,68.57,68.57,64.58,64.58,64.88,64.88
2020-07-31,4567420,68719,154147,1237,0.95,14467,45803,,,986996,65346467,0.068,,,,,67.13,331002647,80484851,246682583,3,2,2,4,1,1,2,3,2,3,1,0,0,4,0,2,,4567420,154126,67.13,67.13,68.57,68.57,64.58,64.58,64.88,64.88
2020-08-01,4623604,56184,155240,1093,0.93,14231,49961,,,787887,66134354,0.068,,,,,67.13,331002647,86581029,240586405,3,2,2,4,1,1,2,3,2,3,1,0,0,4,0,2,,4623604,155220,67.13,67.13,68.57,68.57,64.58,64.58,64.88,64.88
2020-08-02,4669149,45545,155677,437,0.92,13917,49963,,38252,621427,66755781,0.068,,,,,67.13,331002647,89833618,237333816,3,2,2,4,1,1,2,3,2,3,1,0,0,4,0,2,,4669149,155651,67.13,67.13,68.57,68.57,64.58,64.58,64.88,64.88
2020-08-03,4714678,45529,156258,581,0.91,14216,45317,,,774011,67529792,0.067,,,,,67.13,331002647,81944351,245223083,3,2,2,4,1,1,2,3,2,3,1,0,,4,0,2,,4714678,156230,67.13,67.13,68.57,68.57,64.58,64.58,64.88,64.88
2020-08-04,4773479,58801,157540,1282,0.92,14055,44963,,,878521,68408313,0.066,,,,,67.13,331002647,79005703,248161731,3,2,2,4,1,1,2,3,2,3,1,0,,4,0,2,,4773479,157570,67.13,67.13,68.57,68.57,64.58,64.58,64.88,64.88
2020-08-05,4827936,54457,158978,1438,0.91,13988,44445,,,964028,69372341,0.065,,,,,67.13,331002647,79040859,248126575,3,2,2,4,1,1,2,3,2,3,1,0,1000000000,4,0,2,,4827936,158967,67.13,67.13,68.57,68.57,64.58,64.58,64.88,64.88
2020-08-06,4887293,59357,160222,1244,0.91,13822,43664,,,986363,70358704,0.064,,,,,67.13,331002647,77520939,249646495,3,2,2,4,1,1,2,3,2,3,1,0,0,4,0,2,,4887293,160205,67.13,67.13,68.57,68.57,64.58,64.58,64.88,64.88
2020-08-07,4946590,59297,161459,1237,0.91,13647,42870,,,1013473,71372177,0.063,,,,,67.13,331002647,77102422,250065012,3,2,2,4,1,1,2,3,2,3,1,0,0,4,0,2,,4946590,161437,67.13,67.13,68.57,68.57,64.58,64.58,64.88,64.88
2020-08-08,5000709,54119,162537,1078,0.92,13323,41503,,,812429,72184606,0.062,,,,,67.13,331002647,82032981,245134453,3,2,2,4,1,1,2,3,2,3,1,0,0,4,0,2,,5000709,162512,67.13,67.13,68.57,68.57,64.58,64.58,64.88,64.88
2020-08-09,5046463,45754,163060,523,0.92,13090,41312,,33153,625140,72809746,0.061,,,,,67.13,331002647,85309499,241857935,3,2,2,4,1,1,2,3,2,3,1,0,0,4,0,2,,5046463,163072,67.13,67.13,68.57,68.57,64.58,64.58,64.88,64.88
2020-08-10,5094087,47624,163696,636,0.93,13099,41824,,,781773,73591519,0.06,,,,,67.13,331002647,79873225,247294209,3,2,2,4,1,1,2,3,2,3,1,0,0,4,0,2,,5094087,163660,67.13,67.13,68.57,68.57,64.58,64.58,64.88,64.88
2020-08-11,5142088,48001,164716,1020,0.92,12994,41407,,,906728,74498247,0.061,,,,,67.13,331002647,79559905,247607529,3,2,2,4,1,1,2,3,2,3,1,0,0,4,0,2,,5142088,164680,67.13,67.13,68.57,68.57,64.58,64.58,64.88,64.88
2020-08-12,5198137,56049,166215,1499,0.92,12799,41605,,,1024791,75523038,0.061,,,,,67.13,331002647,77404387,249763047,3,2,2,4,1,1,2,3,2,3,1,0,0,4,0,2,,5198137,166183,67.13,67.13,68.57,68.57,64.58,64.58,64.88,64.88
2020-08-13,5249451,51314,167282,1067,0.92,12525,40884,,,978289,76501327,0.061,,,,,67.13,331002647,74016638,253150796,3,2,2,4,1,1,2,3,2,3,1,0,0,4,0,2,,5249451,167245,67.13,67.13,68.57,68.57,64.58,64.58,64.88,64.88
2020-08-14,5314791,65340,168618,1336,0.92,12434,39760,,,957566,77458893,0.06,,,,,67.13,331002647,70950409,256217025,3,2,2,4,1,1,2,3,2,3,1,0,0,4,0,2,,5314791,168585,67.13,67.13,68.57,68.57,64.58,64.58,64.88,64.88
2020-08-15,5361712,46921,169618,1000,0.9,12188,38594,,,766302,78225195,0.061,,,,,67.13,331002647,76872825,250294609,3,2,2,4,1,1,2,3,2,3,1,0,0,4,0,2,,5361712,169589,67.13,67.13,68.57,68.57,64.58,64.58,64.88,64.88
2020-08-16,5400904,39192,170235,617,0.89,11917,38644,,31535,569435,78794630,0.06,,,,,67.13,331002647,85309497,241857937,3,2,2,4,1,1,2,3,2,3,1,0,0,4,0,2,,5400904,170198,67.13,67.13,68.57,68.57,64.58,64.58,64.88,64.88
2020-08-17,5437580,36676,170727,492,0.89,11892,38821,,,676233,79470863,0.061,,,,,67.13,331002647,83201280,243966154,3,2,2,4,1,1,2,3,2,3,1,750000,0,4,0,2,,5437580,170689,67.13,67.13,68.57,68.57,64.58,64.58,64.88,64.88
2020-08-18,5482614,45034,171953,1226,0.89,11910,38770,,,894762,80365625,0.058,,,,,67.13,331002647,79559902,247607532,3,2,2,4,1,1,2,3,2,3,1,,0,4,0,2,,5482614,171962,67.13,67.13,68.57,68.57,64.58,64.58,64.88,64.88
2020-08-19,5529973,47359,173292,1339,0.88,11521,37865,,,1000736,81366361,0.057,,,,,67.13,331002647,77404387,249763047,3,2,2,4,1,1,2,3,2,3,1,,0,4,0,2,,5529973,173262,67.13,67.13,68.57,68.57,64.58,64.58,64.88,64.88
2020-08-20,5574013,44040,174395,1103,0.88,11194,37119,,,993209,82359570,0.055,,,,,67.13,331002647,74016637,253150797,3,2,2,4,1,1,2,3,2,3,1,,0,4,0,2,,5574013,174356,67.13,67.13,68.57,68.57,64.58,64.58,64.88,64.88
2020-08-21,5622842,48829,175486,1091,0.88,10943,35727,,,961896,83321466,0.054,,,,,67.13,331002647,70950409,256217025,3,2,2,4,1,1,2,3,2,3,1,,0,4,0,2,,5622842,175447,67.13,67.13,68.57,68.57,64.58,64.58,64.88,64.88
2020-08-22,5665887,43045,176395,909,0.89,10730,34759,,,791665,84113131,0.052,,,,,67.13,331002647,76872822,250294612,3,2,2,4,1,1,2,3,2,3,1,,0,4,0,2,,5665887,176415,67.13,67.13,68.57,68.57,64.58,64.58,64.88,64.88
2020-08-23,5700119,34232,176940,545,0.9,10689,34474,,30231,560778,84673909,0.051,,,,,67.13,331002647,87825890,239341544,3,2,2,4,1,1,2,3,2,3,1,,0,4,0,2,,5700119,176909,67.13,67.13,68.57,68.57,64.58,64.58,64.88,64.88
2020-08-24,5736641,36522,177413,473,0.91,10641,34622,,,663112,85337021,0.051,,,,,67.13,331002647,85099245,242068189,3,2,2,4,1,1,2,3,2,3,1,,0,4,0,2,,5736641,177383,67.13,67.13,68.57,68.57,64.58,64.58,64.88,64.88
2020-08-25,5777001,40360,178649,1236,0.92,10559,34338,,,902637,86239658,0.05,,,,,67.13,331002647,81735768,245431666,3,2,2,4,1,1,2,3,2,3,1,,0,4,0,2,,5777001,178621,67.13,67.13,68.57,68.57,64.58,64.58,64.88,64.88
2020-08-26,5822167,45166,179815,1166,0.93,10338,33461,,,1014981,87254639,0.05,,,,,67.13,331002647,82957486,244209948,3,2,2,4,1,1,2,3,2,3,1,,0,4,0,2,,5822167,179794,67.13,67.13,68.57,68.57,64.58,64.58,64.88,64.88
2020-08-27,5867547,45380,180929,1114,0.93,9854,33116,,,1013823,88268462,0.051,,,,,67.13,331002647,83256913,243910521,3,2,2,4,1,1,2,3,2,3,1,,0,4,0,2,,5867547,180898,67.13,67.13,68.57,68.57,64.58,64.58,64.88,64.88
2020-08-28,5914395,46848,181906,977,0.93,9818,31725,,,984152,89252614,0.05,,,,,67.13,331002647,81463581,245703853,3,2,2,4,1,1,2,3,2,3,1,,0,4,0,2,,5914395,181868,67.13,67.13,68.57,68.57,64.58,64.58,64.88,64.88
2020-08-29,5957126,42731,182807,901,0.94,9649,31096,,,798179,90050793,0.05,,,,,67.13,331002647,85554661,241612773,3,2,2,4,1,1,2,3,2,3,1,,0,4,0,2,,5957126,182766,67.13,67.13,68.57,68.57,64.58,64.58,64.88,64.88
2020-08-30,5991507,34381,183260,453,0.94,9522,31031,,29784,613615,90664408,0.049,,,,,67.13,331002647,91508837,235658597,3,2,2,4,1,1,2,3,2,3,1,,0,4,0,2,,5991507,183218,67.13,67.13,68.57,68.57,64.58,64.58,64.88,64.88
2020-08-31,6026895,35388,183802,542,0.95,9471,31267,,,661932,91326340,0.049,,,,,67.13,331002647,85286387,241881047,3,2,2,4,1,1,2,3,2,3,1,,0,4,0,2,,6026895,183760,67.13,67.13,68.57,68.57,64.58,64.58,64.88,64.88
2020-09-01,6068759,41864,184832,1030,0.95,9448,31048,,,904830,92231170,0.05,,,,,67.13,331002647,83386029,243781405,3,2,2,4,1,1,2,3,2,3,1,,0,4,0,2,,6068759,184810,67.13,67.13,68.57,68.57,64.58,64.58,64.88,64.88
2020-09-02,6109773,41014,185911,1079,0.95,9338,30781,,,1020801,93251971,0.049,,,,,67.13,331002647,83560706,243606728,3,2,2,4,1,1,2,3,2,3,1,,0,4,0,2,,6109773,185865,67.13,67.13,68.57,68.57,64.58,64.58,64.88,64.88
2020-09-03,6153983,44210,186948,1037,0.95,9211,30259,,,1031810,94283781,0.048,,,,,67.13,331002647,78019866,249147568,3,2,2,4,1,1,2,3,2,3,1,,0,4,0,2,,6153983,186895,67.13,67.13,68.57,68.57,64.58,64.58,64.88,64.88
2020-09-04,6204376,50393,187906,958,0.94,9204,29837,,,994855,95278636,0.049,,,,,67.13,331002647,82296390,244871044,3,2,2,4,1,1,2,3,2,3,1,,0,4,0,2,,6204376,187847,67.13,67.13,68.57,68.57,64.58,64.58,64.88,64.88
2020-09-05,6247464,43088,188668,762,0.93,9063,28792,,,814161,96092797,0.049,,,,,67.13,331002647,83945279,243222155,3,2,2,4,1,1,2,3,2,3,1,,0,4,0,2,,6247464,188629,67.13,67.13,68.57,68.57,64.58,64.58,64.88,64.88
2020-09-06,6278633,31169,189137,469,0.91,8972,28242,,27012,564527,96657324,0.049,,,,,67.13,331002647,91402851,235764583,3,2,2,4,1,1,2,3,2,3,1,,0,4,0,2,,6278633,189073,67.13,67.13,68.57,68.57,64.58,64.58,64.88,64.88
2020-09-07,6302200,23567,189432,295,0.89,8934,28455,,,413884,97071208,0.05,,,,,67.13,331002647,93798762,233368672,3,2,2,4,1,1,2,3,2,3,1,,0,4,0,2,,6302200,189370,67.13,67.13,68.57,68.57,64.58,64.58,64.88,64.88
2020-09-08,6329593,27393,189885,453,0.89,8934,28815,,,661493,97732701,0.048,,,,,67.13,331002647,86972956,240194478,3,2,2,4,1,1,2,3,2,3,1,,0,4,0,2,,6329593,189825,67.13,67.13,68.57,68.57,64.58,64.58,64.88,64.88
2020-09-09,6363650,34057,191045,1160,0.92,8744,28648,,,953183,98685884,0.048,,,,,67.13,331002647,84653410,242514024,3,2,2,4,1,1,2,3,2,3,1,,0,4,0,2,,6363650,190976,67.13,67.13,68.57,68.57,64.58,64.58,64.88,64.88
2020-09-10,6399723,36073,191961,916,0.95,8557,27903,,,1084159,99770043,0.046,,,,,67.13,331002647,84323123,242844311,3,2,2,4,1,1,2,3,2,3,1,,0,4,0,2,,6399723,191887,67.13,67.13,68.57,68.57,64.58,64.58,64.88,64.88
2020-09-11,6447501,47778,193135,1174,0.98,8496,27247,,,1096530,100866573,0.044,,,,,67.13,331002647,81465325,245702109,3,2,2,4,1,1,2,3,2,3,1,,0,4,0,2,,6447501,193064,67.13,67.13,68.57,68.57,64.58,64.58,64.88,64.88
2020-09-12,6488563,41062,193837,702,1.01,8276,26398,,,864681,101731254,0.043,,,,,62.5,331002647,88386989,238780445,3,2,2,3,1,1,2,3,2,3,1,0,0,4,0,2,,6488563,193776,62.5,62.5,66.67,66.67,61.98,61.98,61.9,61.9
2020-09-13,6522914,34351,194272,435,1.02,8227,26237,,28357,624446,102355700,0.043,,,,,62.5,331002647,91455844,235711590,3,2,2,3,1,1,2,3,2,3,1,0,0,4,0,2,,6522914,194204,62.5,62.5,66.67,66.67,61.98,61.98,61.9,61.9
2020-09-14,6557342,34428,194703,431,1.03,8235,26682,,,706333,103062033,0.042,,,,,62.5,331002647,86424313,240743121,3,2,2,3,1,1,2,3,2,3,1,0,0,4,0,2,,6557342,194636,62.5,62.5,66.67,66.67,61.98,61.98,61.9,61.9
2020-09-15,6596849,39507,195903,1200,1.04,8129,26826,,,963718,104025751,0.042,,,,,62.5,331002647,85233936,241933498,3,2,2,3,1,1,2,3,2,3,1,0,0,4,0,2,,6596849,195839,62.5,62.5,66.67,66.67,61.98,61.98,61.9,61.9
2020-09-16,6635867,39018,196859,956,1.05,8042,26270,,,1134683,105160434,0.042,,,,,62.5,331002647,84745886,242421548,3,2,2,3,1,1,2,3,2,3,1,0,0,4,0,2,,6635867,196789,62.5,62.5,66.67,66.67,61.98,61.98,61.9,61.9
2020-09-17,6681004,45137,197720,861,1.06,7996,25993,,,1152052,106312486,0.042,,,,,62.5,331002647,83880059,243287375,3,2,2,3,1,1,2,3,2,3,1,0,0,4,0,2,,6681004,197648,62.5,62.5,66.67,66.67,61.98,61.98,61.9,61.9
2020-09-18,6730288,49284,198616,896,1.06,7943,25732,,,1223716,107536202,0.042,,,,,62.5,331002647,82381397,244786037,3,2,2,3,1,1,2,3,2,3,1,0,0,4,0,2,,6730288,198566,62.5,62.5,66.67,66.67,61.98,61.98,61.9,61.9
2020-09-19,6772447,42159,199348,732,1.07,7779,25322,,,934704,108470906,0.042,,,,,62.5,331002647,86365850,240801584,3,2,2,3,1,1,2,3,2,3,1,0,0,4,0,2,,6772447,199282,62.5,62.5,66.67,66.67,61.98,61.98,61.9,61.9
2020-09-20,6810862,38415,199613,265,1.08,7786,25382,,23928,621537,109092443,0.042,,,,,62.5,331002647,89050789,238116645,3,2,2,3,1,1,2,3,2,3,1,0,0,4,0,2,,6810862,199546,62.5,62.5,66.67,66.67,61.98,61.98,61.9,61.9
2020-09-21,6862834,51972,200040,427,1.09,7802,26207,,,749193,109841636,0.043,,,,,62.5,331002647,90266169,236901265,3,2,2,3,1,1,2,3,2,3,1,0,0,4,0,2,,6862834,199974,62.5,62.5,66.67,66.67,61.98,61.98,61.9,61.9
2020-09-22,6902696,39862,201072,1032,1.06,7847,26401,,,1024346,110865982,0.044,,,,,62.5,331002647,82236364,244931070,3,2,2,3,1,1,2,3,2,3,1,0,0,4,0,2,,6902696,201006,62.5,62.5,66.67,66.67,61.98,61.98,61.9,61.9
2020-09-23,6941758,39062,202128,1056,1.04,7852,26468,,,1198475,112064457,0.044,,,,,62.5,331002647,78480405,248687029,3,2,2,3,1,1,2,3,2,3,1,0,0,4,0,2,,6941758,202061,62.5,62.5,66.67,66.67,61.98,61.98,61.9,61.9
2020-09-24,6988869,47111,203025,897,1.03,7821,26385,,,1198444,113262901,0.044,,,,,62.5,331002647,78174083,248993351,3,2,2,3,1,1,2,3,2,3,1,0,0,4,0,2,,6988869,202966,62.5,62.5,66.67,66.67,61.98,61.98,61.9,61.9
2020-09-25,7037151,48282,203969,944,1.02,7806,26250,,,1127323,114390224,0.045,,,,,62.5,331002647,75880937,251286497,3,2,2,3,1,1,2,3,2,3,1,0,0,4,0,2,,7037151,203899,62.5,62.5,66.67,66.67,61.98,61.98,61.9,61.9
2020-09-26,7081803,44652,204737,768,1.02,7783,25843,,,936052,115326276,0.045,,,,,62.5,331002647,82915787,244251647,3,2,2,3,1,1,2,3,2,3,1,0,0,4,0,2,,7081803,204671,62.5,62.5,66.67,66.67,61.98,61.98,61.9,61.9
2020-09-27,7119311,37508,205052,315,1.02,8054,25915,,24866,596286,115922562,0.045,,,,,62.5,331002647,86483123,240684311,3,2,2,3,1,1,2,3,2,3,1,0,0,4,0,2,,7119311,204985,62.5,62.5,66.67,66.67,61.98,61.98,61.9,61.9
2020-09-28,7152546,33235,205410,358,1.01,7903,26945,,,667427,116589989,0.045,,,,,62.5,331002647,81225334,245942100,3,2,2,3,1,1,2,3,2,3,1,0,0,4,0,2,,7152546,205343,62.5,62.5,66.67,66.67,61.98,61.98,61.9,61.9
2020-09-29,7195994,43448,206243,833,1.02,8029,27427,,,981865,117571854,0.044,,,,,62.5,331002647,81461516,245705918,3,2,2,3,1,1,2,3,2,3,1,0,0,4,0,2,,7195994,206203,62.5,62.5,66.67,66.67,61.98,61.98,61.9,61.9
2020-09-30,7235428,39434,207201,958,1.02,8052,27583,,,1200324,118772178,0.045,,,,,62.5,331002647,81311288,245856146,3,2,2,3,1,1,2,3,2,3,1,0,0,4,0,2,,7235428,207140,62.5,62.5,66.67,66.67,61.98,61.98,61.9,61.9
2020-10-01,7281081,45653,208074,873,1.03,7984,27391,,,1221071,119993249,0.045,,,,,62.5,331002647,78207847,248959587,3,2,2,3,1,1,2,3,2,3,1,0,0,4,0,2,,7281081,208007,62.5,62.5,66.67,66.67,61.98,61.98,61.9,61.9
2020-10-02,7336043,54962,208934,860,1.05,7945,27349,,,1192467,121185716,0.044,,,,,62.5,331002647,81290696,245876738,3,2,2,3,1,1,2,3,2,3,1,0,0,4,0,2,,7336043,208871,62.5,62.5,66.67,66.67,61.98,61.98,61.9,61.9
2020-10-03,7384578,48535,209617,683,1.06,7946,27195,,,975225,122160941,0.045,,,,,62.5,331002647,87024735,240142699,3,2,2,3,1,1,2,3,2,3,1,0,0,4,0,2,,7384578,209547,62.5,62.5,66.67,66.67,61.98,61.98,61.9,61.9
2020-10-04,7420293,35715,209998,381,1.06,8101,27799,,27573,639736,122800677,0.044,,,,,62.5,331002647,91147567,236019867,3,2,2,3,1,1,2,3,2,3,1,0,0,4,0,2,,7420293,209925,62.5,62.5,66.67,66.67,61.98,61.98,61.9,61.9
2020-10-05,7459742,39449,210479,481,1.07,8315,28877,,,805543,123606220,0.044,,,,,62.5,331002647,91039791,236127643,3,2,2,3,1,1,2,3,2,3,1,0,0,4,0,2,,7459742,210406,62.5,62.5,66.67,66.67,61.98,61.98,61.9,61.9
2020-10-06,7504998,45256,211165,686,1.09,8555,29923,,,1227436,124833656,0.043,,,,,62.5,331002647,83952997,243214437,3,2,2,3,1,1,2,3,2,3,1,0,0,4,0,2,,7504998,211096,62.5,62.5,66.67,66.67,61.98,61.98,61.9,61.9
2020-10-07,7556060,51062,212092,927,1.11,8624,30471,,,1412174,126245830,0.043,,,,,62.5,331002647,81605770,245561664,3,2,2,3,1,1,2,3,2,3,1,0,0,4,0,2,,7556060,212015,62.5,62.5,66.67,66.67,61.98,61.98,61.9,61.9
2020-10-08,7614653,58593,213081,989,1.11,8612,30946,,,1428578,127674408,0.043,,,,,62.5,331002647,82680980,244486454,3,2,2,3,1,1,2,3,2,3,1,0,0,4,0,2,,7614653,213008,62.5,62.5,66.67,66.67,61.98,61.98,61.9,61.9
2020-10-09,7671034,56381,214049,968,1.11,8711,31129,,,1397077,129071485,0.043,,,,,62.5,331002647,83449381,243718053,3,2,2,3,1,1,2,3,2,3,1,0,0,4,0,2,,7671034,213981,62.5,62.5,66.67,66.67,61.98,61.98,61.9,61.9
2020-10-10,7725952,54918,214707,658,1.11,8717,30911,,,1100009,130171494,0.043,,,,,62.5,331002647,89573421,237594013,3,2,2,3,1,1,2,3,2,3,1,0,0,4,0,2,,7725952,214633,62.5,62.5,66.67,66.67,61.98,61.98,61.9,61.9
2020-10-11,7771893,45941,215178,471,1.11,8805,31368,,33656,745712,130917206,0.043,,,,,62.5,331002647,91120636,236046798,3,2,2,3,1,1,2,3,2,3,1,0,0,4,0,2,,7771893,215100,62.5,62.5,66.67,66.67,61.98,61.98,61.9,61.9
2020-10-12,7813735,41842,215572,394,1.11,9040,32714,,,810294,131727500,0.044,,,,,62.5,331002647,86773180,240394254,3,2,2,3,1,1,2,3,2,3,1,0,0,4,0,2,,7813735,215494,62.5,62.5,66.67,66.67,61.98,61.98,61.9,61.9
2020-10-13,7865983,52248,216368,796,1.13,9396,33441,,,1062362,132789862,0.046,,,,,66.2,331002647,82898006,244269428,3,2,2,3,1,2,2,3,2,3,1,0,0,4,0,2,,7865983,216290,66.2,66.2,66.67,66.67,64.06,64.06,64.29,64.29
2020-10-14,7925748,59765,217358,990,1.14,9288,33865,,,1227460,134017322,0.048,,,,,66.2,331002647,80558636,246608798,3,2,2,3,1,2,2,3,2,3,1,0,0,4,0,2,,7925748,217280,66.2,66.2,66.67,66.67,64.06,64.06,64.29,64.29
2020-10-15,7990636,64888,218207,849,1.14,9461,34314,,,1294966,135312288,0.05,,,,,66.2,331002647,83846967,243320467,3,2,2,3,1,2,2,3,2,3,1,0,0,4,0,2,,7990636,218129,66.2,66.2,66.67,66.67,64.06,64.06,64.29,64.29
2020-10-16,8059782,69146,219144,937,1.15,9522,34562,,,1324082,136636370,0.051,,,,,66.2,331002647,79142291,248025143,3,2,2,3,1,2,2,3,2,3,1,0,0,4,0,2,,8059782,219063,66.2,66.2,66.67,66.67,64.06,64.06,64.29,64.29
2020-10-17,8116518,56736,219906,762,1.14,9501,34245,,,1109316,137745686,0.052,,,,,66.2,331002647,85654448,241512986,3,2,2,3,1,2,2,3,2,3,1,0,0,4,0,2,,8116518,219832,66.2,66.2,66.67,66.67,64.06,64.06,64.29,64.29
2020-10-18,8165858,49340,220399,493,1.15,9709,34934,,37028,765490,138511176,0.052,,,,,66.2,331002647,89258968,237908466,3,2,2,3,1,2,2,3,2,3,1,0,0,4,0,2,,8165858,220320,66.2,66.2,66.67,66.67,64.06,64.06,64.29,64.29
2020-10-19,8233610,67752,220878,479,1.17,10059,36364,,,869145,139380321,0.053,,,,,66.2,331002647,82900557,244266877,3,2,2,3,1,2,2,3,2,3,1,0,0,4,0,2,,8233610,220798,66.2,66.2,66.67,66.67,64.06,64.06,64.29,64.29
2020-10-20,8295581,61971,221801,923,1.17,10199,37314,,,1268147,140648468,0.053,,,,,66.2,331002647,84283625,242883809,3,2,2,3,1,2,2,3,2,3,1,0,0,4,0,2,,8295581,221726,66.2,66.2,66.67,66.67,64.06,64.06,64.29,64.29
2020-10-21,8358864,63283,222922,1121,1.17,10420,38011,,,1469391,142117859,0.052,,,,,66.2,331002647,85932270,241235164,3,2,2,3,1,2,2,3,2,3,1,0,0,4,0,2,,8358864,222875,66.2,66.2,66.67,66.67,64.06,64.06,64.29,64.29
2020-10-22,8435164,76300,223837,915,1.18,10633,38737,,,1527623,143645482,0.052,,,,,66.2,331002647,82030208,245137226,3,2,2,3,1,2,2,3,2,3,1,0,0,4,0,2,,8435164,223763,66.2,66.2,66.67,66.67,64.06,64.06,64.29,64.29
2020-10-23,8517113,81949,224804,967,1.19,10693,38974,,,1460176,145105658,0.053,,,,,66.2,331002647,78280226,248887208,3,2,2,3,1,2,2,3,2,3,1,0,0,4,0,2,,8517113,224722,66.2,66.2,66.67,66.67,64.06,64.06,64.29,64.29
2020-10-24,8599842,82729,225755,951,1.19,10696,39249,,,1176157,146281815,0.056,,,,,66.2,331002647,83959975,243207459,3,2,2,3,1,2,2,3,2,3,1,0,0,4,0,2,,8599842,225674,66.2,66.2,66.67,66.67,64.06,64.06,64.29,64.29
2020-10-25,8661982,62140,226217,462,1.18,10837,39897,,40941,790535,147072350,0.057,,,,,66.2,331002647,87375366,239792068,3,2,2,3,1,2,2,3,2,3,1,0,0,4,0,2,,8661982,226133,66.2,66.2,66.67,66.67,64.06,64.06,64.29,64.29
2020-10-26,8729385,67403,226750,533,1.19,11095,41224,,,950426,148022776,0.058,,,,,62.5,331002647,84616913,242550521,3,2,2,3,1,1,2,3,2,3,1,0,0,4,0,2,,8729385,226666,62.5,62.5,66.67,66.67,61.98,61.98,61.9,61.9
2020-10-27,8806228,76843,227723,973,1.19,11415,42168,,,1334042,149356818,0.059,,,,,62.5,331002647,84043811,243123623,3,2,2,3,1,1,2,3,2,3,1,0,0,4,0,2,,8806228,227640,62.5,62.5,66.67,66.67,61.98,61.98,61.9,61.9
2020-10-28,8885632,79404,228758,1035,1.2,11552,43053,,,1490289,150847107,0.061,,,,,62.5,331002647,82211256,244956178,3,2,2,3,1,1,2,3,2,3,1,0,0,4,0,2,,8885632,228674,62.5,62.5,66.67,66.67,61.98,61.98,61.9,61.9
2020-10-29,8976684,91052,229762,1004,1.22,11737,43868,,,1472791,152319898,0.063,,,,,62.5,331002647,83452335,243715099,3,2,2,3,1,1,2,3,2,3,1,0,0,4,0,2,,8976684,229678,62.5,62.5,66.67,66.67,61.98,61.98,61.9,61.9
2020-10-30,9075924,99240,230823,1061,1.23,11841,45026,,,1503987,153823885,0.065,,,,,62.5,331002647,83213711,243953723,3,2,2,3,1,1,2,3,2,3,1,0,0,4,0,2,,9075924,230744,62.5,62.5,66.67,66.67,61.98,61.98,61.9,61.9
2020-10-31,9165619,89695,231733,910,1.25,11898,45114,,,1217521,155041406,0.065,,,,,62.5,331002647,89854236,237313198,3,2,2,3,1,1,2,3,2,3,1,0,0,4,0,2,,9165619,231652,62.5,62.5,66.67,66.67,61.98,61.98,61.9,61.9
2020-11-01,9270467,104848,232229,496,1.28,12123,46027,,46472,894805,155936211,0.066,,,,,62.5,331002647,95833341,231334093,3,2,2,3,1,1,2,3,2,3,1,0,0,4,0,2,,9270467,232147,62.5,62.5,66.67,66.67,61.98,61.98,61.9,61.9
2020-11-02,9355775,85308,232801,572,1.28,12587,47936,,,1014345,156950556,0.068,,,,,62.5,331002647,92948573,234218861,3,2,2,3,1,1,2,3,2,3,1,0,0,4,0,2,,9355775,232720,62.5,62.5,66.67,66.67,61.98,61.98,61.9,61.9
2020-11-03,9482891,127116,234379,1578,1.29,12921,49066,,,1361440,158311996,0.07,,,,,62.5,331002647,85807825,241359609,3,2,2,3,1,1,2,3,2,3,1,0,0,4,0,2,,9482891,234298,62.5,62.5,66.67,66.67,61.98,61.98,61.9,61.9
2020-11-04,9587499,104608,235494,1115,1.28,12996,50399,,,1624074,159936070,0.072,,,,,62.5,331002647,88370943,238796491,3,2,2,3,1,1,2,3,2,3,1,0,0,4,0,2,,9587499,235420,62.5,62.5,66.67,66.67,61.98,61.98,61.9,61.9
2020-11-05,9716853,129354,236649,1155,1.27,13222,51740,,,1686108,161622178,0.073,,,,,62.5,331002647,92740595,234426839,3,2,2,3,1,1,2,3,2,3,1,0,0,4,0,2,,9716853,236569,62.5,62.5,66.67,66.67,61.98,61.98,61.9,61.9
2020-11-06,9844858,128005,237888,1239,1.26,13345,52748,,,1666431,163288609,0.076,,,,,62.5,331002647,93192175,233975259,3,2,2,3,1,1,2,3,2,3,1,0,0,4,0,2,,9844858,237803,62.5,62.5,66.67,66.67,61.98,61.98,61.9,61.9
2020-11-07,9972308,127450,238969,1081,1.26,13469,53749,,,1447567,164736176,0.075,,,,,62.5,331002647,97141380,230026054,3,2,2,3,1,1,2,3,2,3,1,0,0,4,0,2,,9972308,238880,62.5,62.5,66.67,66.67,61.98,61.98,61.9,61.9
2020-11-08,10087380,115072,239540,571,1.26,13999,55646,,56878,1003362,165739538,0.077,,,,,62.5,331002647,107414989,219752445,3,2,2,3,1,1,2,3,2,3,1,0,0,4,0,2,,10087380,239451,62.5,62.5,66.67,66.67,61.98,61.98,61.9,61.9
2020-11-09,10207953,120573,240319,779,1.26,14395,58415,,,1217746,166957284,0.079,,,,,65.28,331002647,95669941,231497493,3,2,2,3,1,1,2,3,2,3,1,0,0,4,0,2,,10207953,240230,65.28,65.28,71.43,71.43,63.54,63.54,63.69,63.69
2020-11-10,10348449,140496,241737,1418,1.26,14823,61346,,,1530401,168487685,0.083,,,,,65.28,331002647,91494335,235673099,3,2,2,3,1,1,2,3,2,3,1,0,0,4,0,2,,10348449,241648,65.28,65.28,71.43,71.43,63.54,63.54,63.69,63.69
2020-11-11,10495075,146626,243173,1436,1.26,15102,63255,,,1772083,170259768,0.086,,,,,65.28,331002647,92971357,234196077,3,2,2,3,1,1,2,3,2,3,1,0,0,4,0,2,,10495075,243084,65.28,65.28,71.43,71.43,63.54,63.54,63.69,63.69
2020-11-12,10659914,164839,244377,1204,1.26,15581,65145,,,1839676,172099444,0.088,,,,,65.28,331002647,92493969,234673465,3,2,2,3,1,1,2,3,2,3,1,0,0,4,0,2,,10659914,244288,65.28,65.28,71.43,71.43,63.54,63.54,63.69,63.69
2020-11-13,10840303,180389,245577,1200,1.25,15844,65973,,,1894397,173993841,0.09,,,,,65.28,331002647,90735259,236432175,3,2,2,3,1,1,2,3,2,3,1,0,0,4,0,2,,10840303,245488,65.28,65.28,71.43,71.43,63.54,63.54,63.69,63.69
2020-11-14,11008064,167761,246924,1347,1.24,16227,67144,,,1593830,175587671,0.095,,,,,65.28,331002647,96282398,230885036,3,2,2,3,1,1,2,3,2,3,1,0,0,4,0,2,,11008064,246834,65.28,65.28,71.43,71.43,63.54,63.54,63.69,63.69
2020-11-15,11144288,136224,247700,776,1.22,16798,69440,,71022,1194391,176782062,0.097,,,,,65.28,331002647,96683319,230484115,3,2,2,3,1,1,2,3,2,3,1,0,0,4,0,2,,11144288,247609,65.28,65.28,71.43,71.43,63.54,63.54,63.69,63.69
2020-11-16,11307233,162945,248529,829,1.21,17526,73011,,,1483767,178265829,0.097,,,,,75.46,331002647,97430699,229736735,3,3,2,4,1,2,2,3,2,3,1,0,0,4,0,2,,11307233,248438,75.46,75.46,76.9,76.9,69.27,69.27,70.24,70.24
2020-11-17,11471155,163922,250250,1721,1.19,18077,75413,,,1894925,180160754,0.096,,,,,75.46,331002647,97573501,229593933,3,3,2,4,1,2,2,3,2,3,1,0,0,4,0,2,,11471155,250158,75.46,75.46,76.9,76.9,69.27,69.27,70.24,70.24
2020-11-18,11644332,173177,252168,1918,1.18,18318,77221,,,2091305,182252059,0.095,,,,,75.46,331002647,95954135,231213299,3,3,2,4,1,2,2,3,2,3,1,0,0,4,0,2,,11644332,252094,75.46,75.46,76.9,76.9,69.27,69.27,70.24,70.24
2020-11-19,11835880,191548,254220,2052,1.17,18728,78251,,,2069754,184321813,0.095,,,,,75.46,331002647,93468789,233698645,3,3,2,4,1,2,2,3,2,3,1,0,0,4,0,2,,11835880,254134,75.46,75.46,76.9,76.9,69.27,69.27,70.24,70.24
2020-11-20,12034177,198297,256177,1957,1.14,18903,79642,,,2140308,186462121,0.095,,,,,75.46,331002647,92068777,235098657,3,3,2,4,1,2,2,3,2,3,1,0,0,4,0,2,,12034177,256083,75.46,75.46,76.9,76.9,69.27,69.27,70.24,70.24
2020-11-21,12213451,179274,257796,1619,1.13,19081,79793,,,1847918,188310039,0.094,,,,,75.46,331002647,97329319,229838115,3,3,2,4,1,2,2,3,2,3,1,0,0,4,0,2,,12213451,257699,75.46,75.46,76.9,76.9,69.27,69.27,70.24,70.24
2020-11-22,12360235,146784,258828,1032,1.11,19645,81716,,81846,1418307,189728346,0.093,,,,,75.46,331002647,98644681,228522753,3,3,2,4,1,2,2,3,2,3,1,0,0,4,0,2,,12360235,258731,75.46,75.46,76.9,76.9,69.27,69.27,70.24,70.24
2020-11-23,12534684,174449,259928,1100,1.09,20161,84050,,,1671192,191399538,0.092,,,,,75.46,331002647,94876447,232290987,3,3,2,4,1,2,2,3,2,3,1,0,0,4,0,2,,12534684,259828,75.46,75.46,76.9,76.9,69.27,69.27,70.24,70.24
2020-11-24,12710198,175514,262057,2129,1.06,20556,85939,,,1953762,193353300,0.093,,,,,75.46,331002647,93532032,233635402,3,3,2,4,1,2,2,3,2,3,1,0,0,4,0,2,,12710198,261957,75.46,75.46,76.9,76.9,69.27,69.27,70.24,70.24
2020-11-25,12893485,183287,264320,2263,1.04,20820,87023,,,2210734,195564034,0.093,,,,,75.46,331002647,90715521,236451913,3,3,2,4,1,2,2,3,2,3,1,0,0,4,0,2,,12893485,264218,75.46,75.46,76.9,76.9,69.27,69.27,70.24,70.24
2020-11-26,13005807,112322,265705,1385,1.02,21019,86484,,,1503995,197068029,0.095,,,,,75.46,331002647,99956608,227210826,3,3,2,4,1,2,2,3,2,3,1,0,0,4,0,2,,13005807,265603,75.46,75.46,76.9,76.9,69.27,69.27,70.24,70.24
2020-11-27,13213995,208188,267254,1549,1.03,21320,88040,,,1503181,198571210,0.097,,,,,75.46,331002647,94566045,232601389,3,3,2,4,1,2,2,3,2,3,1,0,0,4,0,2,,13213995,267153,75.46,75.46,76.9,76.9,69.27,69.27,70.24,70.24
2020-11-28,13369528,155533,268614,1360,1.04,21475,89512,,,1338407,199909617,0.099,,,,,75.46,331002647,96418274,230749160,3,3,2,4,1,2,2,3,2,3,1,0,0,4,0,2,,13369528,268512,75.46,75.46,76.9,76.9,69.27,69.27,70.24,70.24
2020-11-29,13509762,140234,269650,1036,1.06,21918,92377,,86864,1147560,201057177,0.1,,,,,75.46,331002647,98395707,228771727,3,3,2,4,1,2,2,3,2,3,1,0,0,4,0,2,,13509762,269548,75.46,75.46,76.9,76.9,69.27,69.27,70.24,70.24
2020-11-30,13670332,160570,270996,1346,1.08,22489,94968,,,1466237,202523414,0.102,,,,,75.46,331002647,96407795,230759639,3,3,2,4,1,2,2,3,2,3,1,0,0,4,0,2,,13670332,270894,75.46,75.46,76.9,76.9,69.27,69.27,70.24,70.24
2020-12-01,13858551,188219,273540,2544,1.11,22865,96539,,,1839018,204362432,0.104,,,,,75.46,331002647,88894936,238272498,3,3,2,4,1,2,2,3,2,3,1,0,0,4,0,2,,13858551,273441,75.46,75.46,76.9,76.9,69.27,69.27,70.24,70.24
2020-12-02,14061108,202557,276352,2812,1.13,22974,97711,,,2089909,206452341,0.107,,,,,71.76,331002647,87452928,239714506,3,2,2,4,1,2,2,3,2,3,1,0,0,4,0,2,,14061108,276260,71.76,71.76,73.33,73.33,67.19,67.19,67.86,67.86
2020-12-03,14284721,223613,279305,2953,1.14,23049,97744,,,2160683,208613024,0.107,,,,,71.76,331002647,87338159,239829275,3,2,2,4,1,2,2,3,2,3,1,0,0,4,0,2,,14284721,279211,71.76,71.76,73.33,73.33,67.19,67.19,67.86,67.86
2020-12-04,14517506,232785,282004,2699,1.14,23125,98047,,,2118444,210731468,0.106,,,,,71.76,331002647,85952637,241214797,3,2,2,4,1,2,2,3,2,3,1,0,0,4,0,2,,14517506,281888,71.76,71.76,73.33,73.33,67.19,67.19,67.86,67.86
2020-12-05,14733048,215542,284357,2353,1.14,23180,97175,,,1684680,212416148,0.108,,,,,71.76,331002647,90971351,236196083,3,2,2,4,1,2,2,3,2,3,1,0,0,4,0,2,,14733048,284234,71.76,71.76,73.33,73.33,67.19,67.19,67.86,67.86
2020-12-06,14914060,181012,285703,1346,1.13,23444,98567,,94593,1291401,213707549,0.11,,,,,71.76,331002647,95240885,231926549,3,2,2,4,1,2,2,3,2,3,1,0,0,4,0,2,,14914060,285586,71.76,71.76,73.33,73.33,67.19,67.19,67.86,67.86
2020-12-07,15108918,194858,287307,1604,1.12,23904,100929,,,1540603,215248152,0.112,,,,,71.76,331002647,94192786,232974648,3,2,2,4,1,2,2,3,2,3,1,0,0,4,0,2,,15108918,287200,71.76,71.76,73.33,73.33,67.19,67.19,67.86,67.86
2020-12-08,15333410,224492,289926,2619,1.11,24259,102530,,,1909271,217157423,0.114,,,,,71.76,331002647,90692711,236474723,3,2,2,4,1,2,2,3,2,3,1,0,0,4,0,2,,15333410,289828,71.76,71.76,73.33,73.33,67.19,67.19,67.86,67.86
2020-12-09,15555949,222539,293108,3182,1.1,24611,104201,,,2115759,219273182,0.115,,,,,71.76,331002647,89686468,237480966,3,2,2,4,1,2,2,3,2,3,1,0,0,4,0,2,,15555949,293005,71.76,71.76,73.33,73.33,67.19,67.19,67.86,67.86
2020-12-10,15787464,231515,296103,2995,1.09,24643,104910,,,2173141,221446323,0.114,,,,,71.76,331002647,89807391,237360043,3,2,2,4,1,2,2,3,2,3,1,0,0,4,0,2,,15787464,295997,71.76,71.76,73.33,73.33,67.19,67.19,67.86,67.86
2020-12-11,16027441,239977,299520,3417,1.08,24750,105479,,,2048369,223494692,0.117,,,,,71.76,331002647,92325806,234841628,3,2,2,4,1,2,2,3,2,3,1,0,0,4,0,2,,16027441,299413,71.76,71.76,73.33,73.33,67.19,67.19,67.86,67.86
2020-12-12,16245026,217585,301979,2459,1.07,24650,105210,,,1717811,225212503,0.117,,,,,71.76,331002647,96179478,230987956,3,2,2,4,1,2,2,3,2,3,1,0,0,4,0,2,,16245026,301870,71.76,71.76,73.33,73.33,67.19,67.19,67.86,67.86
2020-12-13,16432729,187703,303605,1626,1.06,25098,107259,,101640,1242647,226455150,0.118,,,,,71.76,331002647,99275058,227892376,3,2,2,4,1,2,2,3,2,3,1,0,0,4,0,2,,16432729,303496,71.76,71.76,73.33,73.33,67.19,67.19,67.86,67.86
2020-12-14,16627550,194821,305255,1650,1.05,25585,109528,,,1506096,227961246,0.119,,,,,71.76,331002647,93045830,234121604,3,2,2,4,1,2,2,3,2,3,1,0,0,4,1,2,,16627550,305152,71.76,71.76,73.33,73.33,68.44,68.44,69.29,69.29
2020-12-15,16836556,209006,308372,3117,1.04,25825,110898,,,1940538,229901784,0.116,,,,,71.76,331002647,90259411,236908023,3,2,2,4,1,2,2,3,2,3,1,0,0,4,1,2,,16836556,308255,71.76,71.76,73.33,73.33,68.44,68.44,69.29,69.29
2020-12-16,17083256,246700,312036,3664,1.04,25979,111868,,,2065357,231967141,0.119,,,,,71.76,331002647,93281442,233885992,3,2,2,4,1,2,2,3,2,3,1,0,0,4,1,2,,17083256,311977,71.76,71.76,73.33,73.33,68.44,68.44,69.29,69.29
2020-12-17,17322981,239725,315535,3499,1.04,25903,112311,,,2039321,234006462,0.123,,,,,71.76,331002647,92629781,234537653,3,2,2,4,1,2,2,3,2,3,1,0,0,4,1,2,,17322981,315443,71.76,71.76,73.33,73.33,68.44,68.44,69.29,69.29
2020-12-18,17574950,251969,318500,2965,1.02,25965,112002,,,2010455,236016917,0.122,,,,,71.76,331002647,93247251,233920183,3,2,2,4,1,2,2,3,2,3,1,0,0,4,1,2,,17574950,318386,71.76,71.76,73.33,73.33,68.44,68.44,69.29,69.29
2020-12-19,17766856,191906,321153,2653,1,25819,110970,,,1697077,237713994,0.121,,,,,71.76,331002647,97844027,229323407,3,2,2,4,1,2,2,3,2,3,1,0,0,4,1,2,,17766856,321038,71.76,71.76,73.33,73.33,68.44,68.44,69.29,69.29
2020-12-20,17954675,187819,322867,1714,0.99,26072,112308,,104988,1269622,238983616,0.122,556208,556208,,,71.76,331002647,100444385,226723049,3,2,2,4,1,2,2,3,2,3,1,0,0,4,1,2,,17954675,322749,71.76,71.76,73.33,73.33,68.44,68.44,69.29,69.29
2020-12-21,18153724,199049,324783,1916,0.98,26447,114526,,,1519334,240502950,0.121,614117,614117,,57909,71.76,331002647,97399960,229767474,3,2,2,4,1,2,2,3,2,3,1,0,0,4,1,2,,18153724,324688,71.76,71.76,73.33,73.33,68.44,68.44,69.29,69.29
2020-12-22,18351735,198011,328182,3399,0.96,26754,117344,,,1983022,242485972,0.12,,,,,71.76,331002647,99520423,227647011,3,2,2,4,1,2,2,3,2,3,1,0,0,4,1,2,,18351735,328081,71.76,71.76,73.33,73.33,68.44,68.44,69.29,69.29
2020-12-23,18581353,229618,331606,3424,0.94,26951,117927,,,2260088,244746060,0.118,1008025,1008025,,,71.76,331002647,100788799,226378635,3,2,2,4,1,2,2,3,2,3,1,0,0,4,1,2,,18581353,331501,71.76,71.76,73.33,73.33,68.44,68.44,69.29,69.29
2020-12-24,18775557,194204,334512,2906,0.92,26722,116153,,,1881964,246628024,0.115,,,,,71.76,331002647,102151030,225016404,3,2,2,4,1,2,2,3,2,3,1,0,0,4,1,2,,18775557,334411,71.76,71.76,73.33,73.33,68.44,68.44,69.29,69.29
2020-12-25,18873203,97646,335937,1425,0.91,26570,113311,,,1071567,247699591,0.116,,,,,71.76,331002647,108619120,218548314,3,2,2,4,1,2,2,3,2,3,1,0,0,4,1,2,,18873203,335811,71.76,71.76,73.33,73.33,68.44,68.44,69.29,69.29
2020-12-26,19099491,226288,337821,1884,0.94,26732,115369,,,981112,248680703,0.121,1944585,1944585,,,71.76,331002647,101887440,225279994,3,2,2,4,1,2,2,3,2,3,1,0,0,4,1,2,,19099491,337690,71.76,71.76,73.33,73.33,68.44,68.44,69.29,69.29
2020-12-27,19255126,155635,339248,1427,0.97,27096,118924,,106330,935201,249615904,0.121,,,,,71.76,331002647,103056355,224111079,3,2,2,4,1,2,2,3,2,3,1,0,0,4,1,2,,19255126,339120,71.76,71.76,73.33,73.33,68.44,68.44,69.29,69.29
2020-12-28,19429760,174634,341251,2003,1,27518,121227,,,1283260,250899164,0.123,2127143,2127143,,,71.76,331002647,94464436,232702998,3,2,2,4,1,2,2,3,2,3,1,0,0,4,1,2,,19429760,341123,71.76,71.76,73.33,73.33,68.44,68.44,69.29,69.29
2020-12-29,19630012,200252,344882,3631,1.02,27783,122477,,,1853438,252752602,0.125,,,,,71.76,331002647,93195518,233971916,3,2,2,4,1,2,2,3,2,3,1,0,0,4,1,2,,19630012,344754,71.76,71.76,73.33,73.33,68.44,68.44,69.29,69.29
2020-12-30,19863696,233684,348613,3731,1.04,27706,123725,,,2181847,254934449,0.126,2794588,2794588,,,71.76,331002647,92339735,234827699,3,2,2,4,1,2,2,3,2,3,1,0,0,4,1,2,,19863696,348484,71.76,71.76,73.33,73.33,68.44,68.44,69.29,69.29
2020-12-31,20099363,235667,352093,3480,1.06,27706,123062,,,1919571,256854020,0.129,,,,,71.76,331002647,91123825,236043609,3,2,2,4,1,2,2,3,2,3,1,0,0,4,1,2,,20099363,351932,71.76,71.76,73.33,73.33,68.44,68.44,69.29,69.29
2021-01-01,20252991,153628,354242,2149,1.07,27426,120802,,,1237190,258091210,0.131,,,,,71.76,331002647,106167226,221000208,3,2,2,4,1,2,2,3,2,3,1,0,0,4,1,2,,20252991,354086,71.76,71.76,73.33,73.33,68.44,68.44,69.29,69.29
2021-01-02,20553301,300310,356749,2507,1.1,27583,122532,,,1105262,259196472,0.138,4225756,4225756,,,71.76,331002647,96075000,231092434,3,2,2,4,1,2,2,3,2,3,1,0,0,4,1,2,,20553301,356589,71.76,71.76,73.33,73.33,68.44,68.44,69.29,69.29
2021-01-03,20762047,208746,358196,1447,1.1,28022,125472,,112327,1037001,260233473,0.143,,,,,71.76,331002647,103932099,223235335,3,2,2,4,1,2,2,3,2,3,1,0,0,4,1,2,,20762047,358030,71.76,71.76,73.33,73.33,68.44,68.44,69.29,69.29
2021-01-04,20946329,184282,360288,2092,1.1,28286,127349,,,1390769,261624242,0.141,4563260,4563260,,,71.76,331002647,88044725,239122709,3,2,2,4,1,2,2,3,2,3,1,0,0,4,1,2,,20946329,360128,71.76,71.76,73.33,73.33,68.44,68.44,69.29,69.29
2021-01-05,21181440,235111,364002,3714,1.11,28543,128766,,,1943970,263568212,0.143,4836469,4836469,,273209,71.76,331002647,86277643,240889791,3,2,2,4,1,2,2,3,2,3,1,0,0,4,1,2,,21181440,363819,71.76,71.76,73.33,73.33,68.44,68.44,69.29,69.29
2021-01-06,21436884,255444,367928,3926,1.11,28639,129800,,,2311965,265880177,0.142,5306797,5306797,,470328,71.76,331002647,82245218,244922216,3,2,2,4,1,2,2,3,2,3,1,0,0,4,1,2,,21436884,367749,71.76,71.76,73.33,73.33,68.44,68.44,69.29,69.29
2021-01-07,21715174,278290,371913,3985,1.11,28469,128673,,,2248557,268128734,0.143,5919418,5919418,,612621,71.76,331002647,82558442,244608992,3,2,2,4,1,2,2,3,2,3,1,0,0,4,1,2,,21715174,371715,71.76,71.76,73.33,73.33,68.44,68.44,69.29,69.29
2021-01-08,22010389,295215,376020,4107,1.1,28383,127776,,,2141875,270270609,0.143,6688231,6688231,,768813,71.76,331002647,81957596,245209838,3,2,2,4,1,2,2,3,2,3,1,0,0,4,1,2,,22010389,375822,71.76,71.76,73.33,73.33,68.44,68.44,69.29,69.29
2021-01-09,22271084,260695,379341,3321,1.07,28188,126219,,,1708216,271978825,0.134,,,,,71.76,331002647,85939629,241227805,3,2,2,4,1,2,2,3,2,3,1,0,0,4,1,2,,22271084,379140,71.76,71.76,73.33,73.33,68.44,68.44,69.29,69.29
2021-01-10,22484332,213248,381340,1999,1.05,28384,126446,,116374,1158844,273137669,0.133,,,,,71.76,331002647,92706064,234461370,3,2,2,4,1,2,2,3,2,3,1,0,0,4,1,2,,22484332,381139,71.76,71.76,73.33,73.33,68.44,68.44,69.29,69.29
2021-01-11,22699326,214994,383443,2103,1.02,28746,127540,,,1509017,274646686,0.134,8987322,8987322,,,71.76,331002647,87094488,240072946,3,2,2,4,1,2,2,3,2,3,1,0,0,4,1,2,,22699326,383235,71.76,71.76,73.33,73.33,68.44,68.44,69.29,69.29
2021-01-12,22926246,226920,387917,4474,0.99,28869,126951,,,2010401,276657087,0.132,9327138,9327138,,339816,71.76,331002647,85569560,241597874,3,2,2,4,1,2,2,3,2,3,1,0,0,4,1,2,,22926246,387711,71.76,71.76,73.33,73.33,68.44,68.44,69.29,69.29
2021-01-13,23156608,230362,391946,4029,0.97,28740,126425,,,2090451,278747538,0.133,10278462,,,951324,71.76,331002647,83880179,243287255,3,2,2,4,1,2,2,3,2,3,1,0,0,4,1,2,,23156608,391740,71.76,71.76,73.33,73.33,68.44,68.44,69.29,69.29
2021-01-14,23392315,235707,395932,3986,0.94,28536,124588,,,2057129,280804667,0.13,11148991,9690757,1342086,870529,71.76,331002647,83314082,243853352,3,2,2,4,1,2,2,3,2,3,1,0,0,4,1,2,,23392315,395714,71.76,71.76,73.33,73.33,68.44,68.44,69.29,69.29
2021-01-15,23635046,242731,399824,3892,0.93,30028,123595,,,2023845,282828512,0.126,12279180,10595866,1610524,1130189,71.76,331002647,80761997,246405437,3,2,2,4,1,2,2,3,2,3,1,0,0,4,1,2,,23635046,399614,71.76,71.76,73.33,73.33,68.44,68.44,69.29,69.29
2021-01-16,23836726,201680,403228,3404,0.9,28110,120922,,,1576122,284404634,0.125,,,,,71.76,331002647,86937068,240230366,3,2,2,4,1,2,2,3,2,3,1,0,0,4,1,2,,23836726,403042,71.76,71.76,73.33,73.33,68.44,68.44,69.29,69.29
2021-01-17,24014508,177782,405125,1897,0.89,27889,120678,,108739,1062247,285466881,0.123,,,,,71.76,331002647,84411662,242755772,3,2,2,4,1,2,2,3,2,3,1,0,0,4,1,2,,24014508,404910,71.76,71.76,73.33,73.33,68.44,68.44,69.29,69.29
2021-01-18,24157924,143416,406660,1535,0.87,27848,120372,,,1282828,286749709,0.121,,,,,71.76,331002647,76510859,250656575,3,2,2,4,1,2,2,3,2,3,1,0,0,4,1,2,,24157924,406425,71.76,71.76,73.33,73.33,68.44,68.44,69.29,69.29
2021-01-19,24334630,176706,409392,2732,0.86,27579,119212,,,1792248,288541957,0.117,15707588,13595803,2023124,,71.76,331002647,85665673,241501761,3,2,2,4,1,2,2,3,2,3,1,0,0,4,1,2,,24334630,409157,71.76,71.76,73.33,73.33,68.44,68.44,69.29,69.29
2021-01-20,24517866,183236,413800,4408,0.86,26984,117033,,,2114301,290656258,0.114,16525281,14270441,2161419,817693,71.76,331002647,83590928,243576506,3,2,2,4,1,2,2,3,2,3,1,0,0,4,1,2,,24517866,413563,71.76,71.76,73.33,73.33,68.44,68.44,69.29,69.29
2021-01-21,24711684,193818,418004,4204,0.85,26492,113872,,,2034795,292691053,0.111,17546374,15053257,2394961,1021093,71.76,331002647,78705623,248461811,3,2,2,4,1,2,2,3,2,3,1,0,0,4,1,2,,24711684,417744,71.76,71.76,73.33,73.33,68.44,68.44,69.29,69.29
2021-01-22,24902437,190753,421849,3845,0.85,25997,111632,,,1905202,294596255,0.108,19107959,16243093,2756953,1561585,71.76,331002647,76559788,250607646,3,2,2,4,1,2,2,3,2,3,1,0,0,4,1,2,,24902437,421576,71.76,71.76,73.33,73.33,68.44,68.44,69.29,69.29
2021-01-23,25073050,170613,425194,3345,0.85,25354,107544,,,1538017,296134272,0.104,20537990,17390345,3027865,1430031,71.76,331002647,80615818,246551616,3,2,2,4,1,2,2,3,2,3,1,0,0,4,1,2,,25073050,424919,71.76,71.76,73.33,73.33,68.44,68.44,69.29,69.29
2021-01-24,25204112,131062,427093,1899,0.85,25117,106885,,93980,997190,297131462,0.101,21848655,18502131,3216836,1310665,71.76,331002647,88649447,238517987,3,2,2,4,1,2,2,3,2,3,1,0,0,4,1,2,,25204112,426818,71.76,71.76,73.33,73.33,68.44,68.44,69.29,69.29
2021-01-25,25356081,151969,429066,1973,0.85,24990,106090,,,1226647,298358109,0.1,22734243,19252279,3346390,885588,71.76,331002647,82030958,245136476,3,2,2,4,1,2,2,3,2,3,1,0,0,4,1,2,,25356081,428789,71.76,71.76,73.33,73.33,68.44,68.44,69.29,69.29
2021-01-26,25503621,147540,433073,4007,0.85,24880,104417,,,1769035,300127144,0.1,23540994,19902237,3481921,806751,71.76,331002647,81622067,245545367,3,2,2,4,1,2,2,3,2,3,1,0,0,4,1,2,,25503621,432825,71.76,71.76,73.33,73.33,68.44,68.44,69.29,69.29
2021-01-27,25657566,153945,437033,3960,0.84,24344,102464,,,2052521,302179665,0.098,24652634,20687970,3801053,1111640,71.76,331002647,80424822,246742612,3,2,2,4,1,2,2,3,2,3,1,0,0,4,1,2,,25657566,436789,71.76,71.76,73.33,73.33,68.44,68.44,69.29,69.29
2021-01-28,25826176,168610,441070,4037,0.84,23773,99874,,,1898019,304077684,0.097,26193682,21698606,4263056,1541048,71.76,331002647,80459970,246707464,3,2,2,4,1,2,2,3,2,3,1,0,0,4,1,2,,25826176,440807,71.76,71.76,73.33,73.33,68.44,68.44,69.29,69.29
2021-01-29,25992744,166568,444704,3634,0.84,23174,96092,,,1826116,305903800,0.094,27884661,22858318,4780888,1690979,71.76,331002647,78191324,248976110,3,2,2,4,1,2,2,3,2,3,1,0,0,4,1,2,,25992744,444423,71.76,71.76,73.33,73.33,68.44,68.44,69.29,69.29
2021-01-30,26135056,142312,447490,2786,0.83,22690,92364,,,1426675,307330475,0.093,29577902,24064165,5259693,1693241,71.76,331002647,80405610,246761824,3,2,2,4,1,2,2,3,2,3,1,0,0,4,1,2,,26135056,447194,71.76,71.76,73.33,73.33,68.44,68.44,69.29,69.29
2021-01-31,26247053,111997,449341,1851,0.83,22478,91293,,80591,944268,308274743,0.091,31123299,25201143,5657142,1545397,71.76,331002647,89096512,238070922,3,2,2,4,1,2,2,3,2,3,1,0,0,4,1,2,,26247053,449035,71.76,71.76,73.33,73.33,68.44,68.44,69.29,69.29
2021-02-01,26382255,135202,451408,2067,0.82,22230,90460,,,1031082,309305825,0.092,32222402,26023153,5927847,1099103,71.76,331002647,87202264,239965170,3,2,2,4,1,2,2,3,2,3,1,0,0,4,1,2,,26382255,451084,71.76,71.76,73.33,73.33,68.44,68.44,69.29,69.29
2021-02-02,26497588,115333,454837,3429,0.81,21749,88831,,,1628183,310934008,0.09,32780860,26440836,6064792,558458,71.76,331002647,83775762,243391672,3,2,2,4,1,2,2,3,2,3,1,0,0,4,1,2,,26497588,454558,71.76,71.76,73.33,73.33,68.44,68.44,69.29,69.29
2021-02-03,26619229,121641,458743,3906,0.8,21396,87127,,,1862592,312796600,0.089,33878254,27154956,6436931,1097394,68.06,331002647,78421087,248746347,2,2,2,4,1,2,2,3,2,3,1,0,0,4,1,2,,26619229,458440,68.06,68.06,69.76,69.76,66.35,66.35,66.9,66.9
2021-02-04,26743204,123975,462479,3736,0.79,20861,84429,,,1925013,314721613,0.085,35203710,27905197,6926050,1325456,68.06,331002647,77386579,249780855,2,2,2,4,1,2,2,3,2,3,1,0,0,4,1,2,,26743204,462186,68.06,68.06,69.76,69.76,66.35,66.35,66.9,66.9
2021-02-05,26877601,134397,466167,3688,0.79,20344,81926,,,1823540,316545153,0.083,36819212,28909497,7503864,1615502,68.06,331002647,74144486,253022948,2,2,2,4,1,2,2,3,2,3,1,0,0,4,1,2,,26877601,465812,68.06,68.06,69.76,69.76,66.35,66.35,66.9,66.9
2021-02-06,26981588,103987,468808,2641,0.78,19856,78917,,,1331065,317876218,0.08,39037964,30250964,8317180,2218752,68.06,331002647,77434038,249733396,2,2,2,4,1,2,2,3,2,3,1,0,0,4,1,2,,26981588,468412,68.06,68.06,69.76,69.76,66.35,66.35,66.9,66.9
2021-02-07,27071236,89648,470244,1436,0.78,19371,77710,,69078,828185,318704403,0.078,41210937,31579100,9147185,2172973,68.06,331002647,87423713,239743721,2,2,2,4,1,2,2,3,2,3,1,0,0,4,1,2,,27071236,469779,68.06,68.06,69.76,69.76,66.35,66.35,66.9,66.9
2021-02-08,27161551,90315,471861,1617,0.78,19330,76715,,,1037791,319742194,0.074,42417617,32340146,9518015,1206680,68.06,331002647,80907066,246260368,2,2,2,4,1,2,2,3,2,3,1,0,0,4,1,2,,27161551,471389,68.06,68.06,69.76,69.76,66.35,66.35,66.9,66.9
2021-02-09,27257183,95632,474935,3074,0.78,18935,74462,,,1683462,321425656,0.071,43206190,32867213,9840429,788573,68.06,331002647,81245734,245921700,2,2,2,4,1,2,2,3,2,3,1,0,0,4,1,2,,27257183,474464,68.06,68.06,69.76,69.76,66.35,66.35,66.9,66.9
2021-02-10,27352360,95177,478245,3310,0.77,18314,72662,,,1628637,323054293,0.071,44769970,33783384,10469514,1563780,68.06,331002647,79330991,247836443,2,2,2,4,1,2,2,3,2,3,1,0,0,4,1,2,,27352360,477789,68.06,68.06,69.76,69.76,66.35,66.35,66.9,66.9
2021-02-11,27458120,105760,481452,3207,0.77,17717,69897,,,1411865,324466158,0.072,46390270,34723964,11188782,1620300,68.06,331002647,78591381,248576053,2,2,2,4,1,2,2,3,2,3,1,0,0,4,1,2,,27458120,480972,68.06,68.06,69.76,69.76,66.35,66.35,66.9,66.9
2021-02-12,27557758,99638,484381,2929,0.76,17336,67309,,,1406031,325872189,0.072,48410558,35834855,12085830,2020288,68.06,331002647,74625784,252541650,2,2,2,4,1,2,2,3,2,3,1,0,0,4,1,2,,27557758,483888,68.06,68.06,69.76,69.76,66.35,66.35,66.9,66.9
2021-02-13,27644880,87122,486579,2198,0.75,16865,64653,,,1084872,326957061,0.071,50641884,37056122,13082172,2231326,68.06,331002647,83759630,243407804,2,2,2,4,1,2,2,3,2,3,1,0,0,4,1,2,,27644880,486077,68.06,68.06,69.76,69.76,66.35,66.35,66.9,66.9
2021-02-14,27709901,65021,487740,1161,0.75,16357,63231,,55608,662543,327619604,0.07,52884356,38292270,14077440,2242472,68.06,331002647,88092307,239075127,2,2,2,4,1,2,2,3,2,3,1,0,0,4,1,2,,27709901,487206,68.06,68.06,69.76,69.76,66.35,66.35,66.9,66.9
2021-02-15,27764087,54186,488698,958,0.74,16225,62058,,,795711,328415315,0.069,,,,,68.06,331002647,85010595,242156839,2,2,2,4,1,2,2,3,2,3,1,0,0,4,1,2,,27764087,488160,68.06,68.06,69.76,69.76,66.35,66.35,66.9,66.9
2021-02-16,27826806,62719,490446,1748,0.74,15916,61353,,,1244770,329660085,0.068,55220364,39670551,15015434,,68.06,331002647,82857230,244310204,2,2,2,4,1,2,2,3,2,3,1,0,0,4,1,2,,27826806,489892,68.06,68.06,69.76,69.76,66.35,66.35,66.9,66.9
2021-02-17,27896924,70118,492851,2405,0.75,15568,62080,,,1470167,331130252,0.066,56281827,40268009,15471536,1061463,68.06,331002647,79475447,247691987,2,2,2,4,1,2,2,3,2,3,1,0,0,4,1,2,,27896924,492303,68.06,68.06,69.76,69.76,66.35,66.35,66.9,66.9
2021-02-18,27966848,69924,495370,2519,0.76,15017,58156,,,1405886,332536138,0.062,57737767,41021049,16162358,1455940,68.06,331002647,79867856,247299578,2,2,2,4,1,2,2,3,2,3,1,0,0,4,1,2,,27966848,494815,68.06,68.06,69.76,69.76,66.35,66.35,66.9,66.9
2021-02-19,28046145,79297,498001,2631,0.79,14480,56675,,,1344200,333880338,0.06,59585043,41977401,17039118,1847276,68.06,331002647,75582660,251584774,2,2,2,4,1,2,2,3,2,3,1,0,0,4,1,2,,28046145,497430,68.06,68.06,69.76,69.76,66.35,66.35,66.9,66.9
2021-02-20,28117670,71525,499819,1818,0.82,14095,54265,,,1054422,334934760,0.057,61289500,42809595,17895667,1704457,68.06,331002647,79202830,247964604,2,2,2,4,1,2,2,3,2,3,1,0,0,4,1,2,,28117670,499232,68.06,68.06,69.76,69.76,66.35,66.35,66.9,66.9
2021-02-21,28174750,57080,501066,1247,0.84,13715,53519,,46423,681723,335616483,0.056,63090634,43628092,18865319,1801134,68.06,331002647,80277954,246889480,2,2,2,4,1,2,2,3,2,3,1,0,0,4,1,2,,28174750,500448,68.06,68.06,69.76,69.76,66.35,66.35,66.9,66.9
2021-02-22,28230970,56220,502389,1323,0.85,13652,52880,,,1028623,336645106,0.054,64177474,44138118,19438495,1086840,68.06,331002647,75345205,251822229,2,2,2,4,1,2,2,3,2,3,1,0,0,4,1,2,,28230970,501751,68.06,68.06,69.76,69.76,66.35,66.35,66.9,66.9
2021-02-23,28303233,72263,504663,2274,0.87,13334,51820,,,1628978,338274084,0.053,65032083,44544969,19882544,854609,68.06,331002647,73157713,254009721,2,2,2,4,1,2,2,3,2,3,1,0,0,4,1,2,,28303233,504026,68.06,68.06,69.76,69.76,66.35,66.35,66.9,66.9
2021-02-24,28377965,74732,507841,3178,0.88,12878,50791,,,1672232,339946316,0.053,66464947,45237143,20607261,1432864,68.06,331002647,72895036,254272398,2,2,2,4,1,2,2,3,2,3,1,0,0,4,1,2,,28377965,507202,68.06,68.06,69.76,69.76,66.35,66.35,66.9,66.9
2021-02-25,28455466,77501,510287,2446,0.89,12448,48973,,,1593431,341539747,0.052,68274117,46074392,21555117,1809170,68.06,331002647,73293659,253873775,2,2,2,4,1,2,2,3,2,3,1,0,0,4,1,2,,28455466,509571,68.06,68.06,69.76,69.76,66.35,66.35,66.9,66.9
2021-02-26,28532812,77346,512355,2068,0.89,12150,47139,,,1456442,342996189,0.052,70454064,47184199,22613359,2179947,68.06,331002647,69799998,257367436,2,2,2,4,1,2,2,3,2,3,1,0,0,4,1,2,,28532812,511698,68.06,68.06,69.76,69.76,66.35,66.35,66.9,66.9
2021-02-27,28597387,64575,513870,1515,0.89,11713,45258,,,1065904,344062093,0.052,72806180,48435536,23698627,2352116,68.06,331002647,74512456,252654978,2,2,2,4,1,2,2,3,2,3,1,0,0,4,2,2,,28597387,513194,68.06,68.06,69.76,69.76,67.6,67.6,68.33,68.33
2021-02-28,28648744,51357,514964,1094,0.89,11551,44802,,41724,625484,344687577,0.051,75236003,49772180,24779920,2429823,68.06,331002647,80560629,246606805,2,2,2,4,1,2,2,3,2,3,1,0,0,4,2,2,,28648744,514280,68.06,68.06,69.76,69.76,67.6,67.6,68.33,68.33
2021-03-01,28706973,58229,516483,1519,0.89,11355,43662,,,977639,345665216,0.051,76899987,50732997,25466405,1663984,68.06,331002647,74038063,253129371,2,2,2,4,1,2,2,3,2,3,1,0,0,4,2,2,,28706973,515796,68.06,68.06,69.76,69.76,67.6,67.6,68.33,68.33
2021-03-02,28764033,57060,518433,1950,0.88,11029,42596,,,1592858,347258074,0.05,78631601,51755447,26162122,1731614,68.06,331002647,72633855,254533579,2,2,2,4,1,2,2,3,2,3,1,0,0,4,2,2,,28764033,517750,68.06,68.06,69.76,69.76,67.6,67.6,68.33,68.33
2021-03-03,28831226,67193,520924,2491,0.88,10745,42098,,,1713294,348971368,0.048,80540474,52855579,26957804,1908873,68.06,331002647,73238751,253928683,2,2,2,4,1,2,2,3,2,3,1,0,0,4,2,2,,28831226,520246,68.06,68.06,69.76,69.76,67.6,67.6,68.33,68.33
2021-03-04,28899277,68051,522862,1938,0.88,10542,40122,,,1530461,350501829,0.048,82572848,54035670,27795980,2032374,64.35,331002647,71635634,255531800,2,2,2,4,1,1,2,3,2,3,1,0,0,4,2,2,,28899277,522186,64.35,64.35,69.76,69.76,65.52,65.52,65.95,65.95
2021-03-05,28965728,66451,524647,1785,0.88,10307,39479,,,1413051,351914880,0.047,85008094,55547697,28701201,2435246,64.35,331002647,68693737,258473697,2,2,2,4,1,1,2,3,2,3,1,0,0,4,2,2,,28965728,523971,64.35,64.35,69.76,69.76,65.52,65.52,65.95,65.95
2021-03-06,29023931,58203,526153,1506,0.88,10007,38125,,,1057557,352972437,0.046,87912323,57358849,29776160,2904229,64.35,331002647,72651071,254516363,2,2,2,4,1,1,2,3,2,3,1,0,0,4,2,2,,29023931,525479,64.35,64.35,69.76,69.76,65.52,65.52,65.95,65.95
2021-03-07,29064938,41007,526851,698,0.88,9829,37717,,35537,603501,353575938,0.045,90351750,58873710,30686881,2439427,64.35,331002647,77734475,250505048,2,2,2,4,1,1,2,3,2,3,1,0,0,4,2,2,,29064938,526172,64.35,64.35,69.76,69.76,65.52,65.52,65.95,65.95
2021-03-08,29109974,45036,527591,740,0.88,9777,37598,,,963540,354539478,0.044,92089852,60005231,31493040,1738102,64.35,331002647,72573062,255666461,2,2,2,4,1,1,2,3,2,3,1,0,0,4,2,2,,29109974,526915,64.35,64.35,69.76,69.76,65.52,65.52,65.95,65.95
2021-03-09,29167616,57642,529398,1807,0.89,9604,36960,,,1523749,356063227,0.045,93692598,61088527,32102061,1602746,64.35,331002647,71743921,256495602,2,2,2,4,1,1,2,3,2,3,1,0,0,4,2,2,,29167616,528722,64.35,64.35,69.76,69.76,65.52,65.52,65.95,65.95
2021-03-10,29225536,57920,530969,1571,0.9,9446,36588,,,1589512,357652739,0.044,95721290,62451150,32904161,2028692,64.35,331002647,70603983,257635540,2,2,2,4,1,1,2,3,2,3,1,0,0,4,2,2,,29225536,530296,64.35,64.35,69.76,69.76,65.52,65.52,65.95,65.95
2021-03-11,29288010,62474,532536,1567,0.91,9233,35859,,,1480664,359133403,0.044,98203893,64071674,33863127,2482603,64.35,331002647,70292951,257946572,2,2,2,4,1,1,2,3,2,3,1,0,0,4,2,2,,29288010,531868,64.35,64.35,69.76,69.76,65.52,65.52,65.95,65.95
2021-03-12,29349533,61523,534106,1570,0.92,9112,35574,,,1384816,360518219,0.044,101128005,65965305,35000159,2924112,64.35,331002647,66903417,261336106,2,2,2,4,1,1,2,3,2,3,1,0,0,4,2,2,,29349533,533461,64.35,64.35,69.76,69.76,65.52,65.52,65.95,65.95
2021-03-13,29402465,52932,535102,996,0.93,8891,34608,,,1017438,361535657,0.043,105703501,68884011,36929777,4575496,64.35,331002647,70577632,257661891,2,2,2,4,1,1,2,3,2,3,1,0,0,4,2,2,,29402465,535044,64.35,64.35,69.76,69.76,65.52,65.52,65.95,65.95
2021-03-14,29440686,38221,535682,580,0.95,8755,34380,,33644,575733,362111390,0.043,107060274,69784210,37459269,1356773,64.35,331002647,,,2,2,2,4,1,1,2,3,2,3,1,0,0,4,2,2,,29440686,535622,64.35,64.35,69.76,69.76,65.52,65.52,65.95,65.95
2021-03-15,29497352,56666,536438,756,0.96,8781,34645,,,933331,363044721,0.044,109081860,71054445,38335432,2021586,64.35,331002647,,,2,2,2,4,1,1,2,3,2,3,1,0,0,4,2,2,,29497352,536376,64.35,64.35,69.76,69.76,65.52,65.52,65.95,65.95
2021-03-16,29551309,53957,537615,1177,0.96,8724,34499,,,1478344,364523065,0.044,110737856,72135616,39042345,1655996,64.35,331002647,,,2,2,2,4,1,1,2,3,2,3,1,0,0,4,2,2,,29551309,537549,64.35,64.35,69.76,69.76,65.52,65.52,65.95,65.95
2021-03-17,29610445,59136,538847,1232,0.96,8678,34545,,,1597362,366120427,0.044,113037627,73669956,39989196,2299771,64.35,331002647,,,2,2,2,4,1,1,2,3,2,3,1,0,0,4,2,2,,29610445,538750,64.35,64.35,69.76,69.76,65.52,65.52,65.95,65.95
2021-03-18,29670983,60538,540511,1664,0.97,8515,34060,,,1454746,367575173,0.044,115730008,75495716,40981464,2692381,64.35,331002647,,,2,2,2,4,1,1,2,3,2,3,1,0,0,4,2,2,,29670983,540393,64.35,64.35,69.76,69.76,65.52,65.52,65.95,65.95
2021-03-19,29732612,61629,541658,1147,0.98,8413,33991,,,1325598,368900771,0.044,118313818,77230061,41934629,2583810,64.35,331002647,,,2,2,2,4,1,1,2,3,2,3,1,0,0,4,2,2,,29732612,541509,64.35,64.35,69.76,69.76,65.52,65.52,65.95,65.95
2021-03-20,29787986,55374,542400,742,1,8230,33164,,,978090,369878861,0.045,121441497,79367225,43036818,3127679,64.35,331002647,,,2,2,2,4,1,1,2,3,2,3,1,0,0,4,2,2,,29787986,542307,64.35,64.35,69.76,69.76,65.52,65.52,65.95,65.95
2021-03-21,29821754,33768,542839,439,1.01,8113,33224,,33046,605748,370484609,0.045,124481412,81415769,44141228,3039915,64.35,331002647,,,2,2,2,4,1,1,2,3,2,3,1,0,0,4,2,2,,29821754,542795,64.35,64.35,69.76,69.76,65.52,65.52,65.95,65.95
2021-03-22,29873347,51593,543558,719,1.03,8341,33664,,,956080,371440689,0.046,126509736,82772416,44910946,2028324,66.2,331002647,,,2,2,2,4,1,1,2,3,2,3,1,0,0,4,2,2,,29873347,543383,66.2,66.2,73.33,73.33,66.56,66.56,67.14,67.14
2021-03-23,29926950,53603,544434,876,1.06,8369,33921,,,1505933,372946622,0.047,128217029,83930495,45533962,1707293,61.57,331002647,,,2,1,1,4,1,1,2,3,2,3,1,0,0,4,2,2,,29926950,544243,61.57,61.57,73.33,73.33,63.96,63.96,64.17,64.17
2021-03-24,30013910,86960,545946,1512,1.1,8488,34316,,,1632492,374579114,0.047,130473853,85472166,46365515,2256824,61.57,331002647,,,2,1,1,4,1,1,2,3,2,3,1,0,0,4,2,2,,30013910,545724,61.57,61.57,73.33,73.33,63.96,63.96,64.17,64.17
2021-03-25,30081375,67465,547356,1410,1.09,8337,34286,,,1428054,376007168,0.049,133305295,87343622,47419832,2831442,61.57,331002647,,,2,1,1,4,1,1,2,3,2,3,1,330000000,9000000000,4,2,2,,30081375,547254,61.57,61.57,73.33,73.33,63.96,63.96,64.17,64.17
2021-03-26,30158696,77321,548507,1151,1.09,8331,34556,,,1354899,377362067,0.05,136684688,89559225,48695172,3379393,61.57,331002647,,,2,1,1,4,1,1,2,3,2,3,1,0,0,4,2,2,,30158696,548396,61.57,61.57,73.33,73.33,63.96,63.96,64.17,64.17
2021-03-27,30221396,62700,549294,787,1.08,8202,33916,,,986685,378348752,0.05,140180735,91707729,50141769,3496047,61.57,331002647,,,2,1,1,4,1,1,2,3,2,3,1,0,0,4,2,2,,30221396,549176,61.57,61.57,73.33,73.33,63.96,63.96,64.17,64.17
2021-03-28,30264493,43097,549816,522,1.08,8364,34482,,35254,617627,378966379,0.051,143462691,93631163,51593564,3281956,61.57,331002647,,,2,1,1,4,1,1,2,3,2,3,1,0,0,4,2,2,,30264493,549690,61.57,61.57,73.33,73.33,63.96,63.96,64.17,64.17
2021-03-29,30333922,69429,550525,709,1.07,8460,34982,,,986306,379952685,0.051,145812835,95015762,52614231,2350144,58.8,331002647,,,2,1,1,4,1,1,1,3,2,3,1,0,0,4,2,2,,30333922,550397,58.8,58.8,73.33,73.33,62.4,62.4,62.38,62.38
2021-03-30,30395171,61249,551407,882,1.05,8578,35387,,,1509215,381461900,0.052,147602345,96044046,53423486,1789510,56.94,331002647,,,2,1,1,4,1,1,1,3,2,3,1,0,0,4,3,2,,30395171,551273,56.94,56.94,69.76,69.76,62.6,62.6,62.62,62.62
2021-03-31,30462210,67039,552495,1088,1.04,8506,35529,,,1556326,383018226,0.053,150273292,97593290,54607041,2670947,56.94,331002647,,,2,1,1,4,1,1,1,3,2,3,1,0,0,4,3,2,,30462210,552352,56.94,56.94,69.76,69.76,62.6,62.6,62.62,62.62
2021-04-01,30541255,79045,553570,1075,1.05,8484,35569,,,1416591,384434817,0.054,153631404,99565311,56089614,3358112,56.94,331002647,,,2,1,1,4,1,1,1,3,2,3,1,0,0,4,3,2,,30541255,553420,56.94,56.94,69.76,69.76,62.6,62.6,62.62,62.62
2021-04-02,30611086,69831,554520,950,1.04,8473,35575,,,1312051,385746868,0.053,157606463,101804762,57984785,3975059,56.94,331002647,,,2,1,1,4,1,1,1,3,2,3,1,0,0,4,3,2,,30611086,554361,56.94,56.94,69.76,69.76,62.6,62.6,62.62,62.62
2021-04-03,30674153,63067,555254,734,1.04,8534,35147,,,949486,386696354,0.054,161688422,104213478,59858146,4081959,56.94,331002647,,,2,1,1,4,1,1,1,3,2,3,1,0,0,4,3,2,,30674153,555078,56.94,56.94,69.76,69.76,62.6,62.6,62.62,62.62
2021-04-04,30709125,34972,555543,289,1.04,8603,35630,,36309,558189,387254543,0.054,165053746,106214924,61416536,3365324,56.94,331002647,,,2,1,1,4,1,1,1,3,2,3,1,0,0,4,3,2,,30709125,555369,56.94,56.94,69.76,69.76,62.6,62.6,62.62,62.62
2021-04-05,30786804,77679,556056,513,1.05,8881,36474,,,915974,388170517,0.054,167187795,107515428,62392065,2134049,56.94,331002647,,,2,1,1,4,1,1,1,3,2,3,1,0,0,4,3,2,,30786804,555877,56.94,56.94,69.76,69.76,62.6,62.6,62.62,62.62
2021-04-06,30847348,60544,556910,854,1.05,9008,37356,,,1501612,389672129,0.054,168592075,108301234,63016976,1404280,56.94,331002647,,,2,1,1,4,1,1,1,3,2,3,1,0,0,4,3,2,,30847348,556718,56.94,56.94,69.76,69.76,62.6,62.6,62.62,62.62
2021-04-07,30922386,75038,559496,2586,1.06,9033,37771,,,1591778,391263907,0.055,171476655,109995734,64422618,2884580,56.94,331002647,,,2,1,1,4,1,1,1,3,2,3,1,0,0,4,3,2,,30922386,559289,56.94,56.94,69.76,69.76,62.6,62.6,62.62,62.62
2021-04-08,31002264,79878,560508,1012,1.06,9192,37887,,,1461755,392725662,0.054,174879716,112046611,66203123,3403061,56.94,331002647,,,2,1,1,4,1,1,1,3,2,3,1,0,0,4,3,2,,31002264,560292,56.94,56.94,69.76,69.76,62.6,62.6,62.62,62.62
2021-04-09,31084962,82698,561388,880,1.06,9145,37793,,,1405832,394131494,0.056,178837781,114436039,68202458,3958065,56.94,331002647,,,2,1,1,4,1,1,1,3,2,3,1,0,0,4,3,2,,31084962,561164,56.94,56.94,69.76,69.76,62.6,62.6,62.62,62.62
2021-04-10,31151497,66535,562101,713,1.05,9139,37546,,,980541,395112035,0.056,183467709,117142879,70692645,4629928,56.94,331002647,,,2,1,1,4,1,1,1,3,2,3,1,0,0,4,3,2,,31151497,561873,56.94,56.94,69.76,69.76,62.6,62.6,62.62,62.62
2021-04-11,31197877,46380,562390,289,1.05,9239,38024,,39223,628931,395740966,0.057,187047131,119242902,72630892,3579422,56.94,331002647,,,2,1,1,4,1,1,1,3,2,3,1,0,0,4,3,2,,31197877,562156,56.94,56.94,69.76,69.76,62.6,62.6,62.62,62.62
2021-04-12,31268107,70230,562861,471,1.04,9455,38856,,,1014771,396755737,0.055,189692045,120848490,74066085,2644914,56.94,331002647,,,2,1,1,4,1,1,1,3,2,3,1,0,0,4,3,2,,31268107,562623,56.94,56.94,69.76,69.76,62.6,62.6,62.62,62.62
2021-04-13,31345985,77878,563688,827,1.03,9545,39139,,,1554932,398310669,0.057,192282781,122295530,75322283,2590736,56.94,331002647,,,2,1,1,4,1,1,1,3,2,3,1,0,0,4,3,2,,31345985,563446,56.94,56.94,69.76,69.76,62.6,62.6,62.62,62.62
2021-04-14,31421360,75375,564646,958,1.01,9582,40908,,,1605780,399916449,0.056,194791836,123917385,76681252,2509055,56.94,331002647,,,2,1,1,4,1,1,1,3,2,3,1,0,0,4,3,2,,31421360,564402,56.94,56.94,69.76,69.76,62.6,62.6,62.62,62.62
2021-04-15,31495649,74289,565539,893,0.99,9479,39133,,,1421291,401337740,0.056,198317040,125822868,78498290,3525204,56.94,331002647,,,2,1,1,4,1,1,1,3,2,3,1,0,0,4,3,2,,31495649,565289,56.94,56.94,69.76,69.76,62.6,62.6,62.62,62.62
2021-04-16,31575640,79991,566405,866,0.97,9536,39356,,,1391107,402728847,0.056,202282923,127743096,80609818,3965883,56.94,331002647,,,2,1,1,4,1,1,1,3,2,3,1,0,0,4,3,2,,31575640,566224,56.94,56.94,69.76,69.76,62.6,62.6,62.62,62.62
2021-04-17,31628013,52373,567086,681,0.96,9556,38967,,,970991,403699838,0.056,205871913,129494179,82471151,3588990,56.94,331002647,,,2,1,1,4,1,1,1,3,2,3,1,0,0,4,3,2,,31628013,566904,56.94,56.94,69.76,69.76,62.6,62.6,62.62,62.62
2021-04-18,31670031,42018,567404,318,0.95,9637,39391,,39918,580904,404280742,0.056,209406814,131247546,84263408,3534901,56.94,331002647,,,2,1,1,4,1,1,1,3,2,3,1,0,0,4,3,2,,31670031,567217,56.94,56.94,69.76,69.76,62.6,62.6,62.62,62.62
2021-04-19,31737964,67933,567886,482,0.94,9829,40138,,,840238,405120980,0.056,211581309,132321628,85365180,2174495,56.94,331002647,,,2,1,1,4,1,1,1,3,2,3,1,0,0,4,4,2,,,,56.94,56.94,69.76,69.76,63.85,63.85,64.05,64.05
2021-04-20,31799237,61273,568711,825,0.93,9898,39983,,,1235816,406356796,0.056,213388238,133266995,86223506,1806929,56.94,331002647,,,2,1,1,4,1,1,1,3,2,3,1,0,0,4,4,2,,,,56.94,56.94,69.76,69.76,63.85,63.85,64.05,64.05
2021-04-21,31862094,62857,569555,844,0.91,9913,39917,,,1231513,407588309,0.057,215951909,134445595,87592646,2563671,,331002647,,,,,,,,,,3,,,,,,,,,,,,,,,,,,,
2021-04-22,31929351,67257,570499,944,0.91,9831,39059,,,1009303,408597612,0.059,218947643,135791031,89245776,2995734,,331002647,,,,,,,,,,,,,,,,,,,,,,,56.94,,69.76,,63.85,,64.05
2021-04-23,31991750,62399,571263,764,0.9,9686,38352,,,815586,409413198,0.062,222322230,137234889,91175995,3374587,,331002647,,,,,,,,,,,,,,,,,,,,,,,56.94,,69.76,,63.85,,64.05
2021-04-24,32045113,53363,571987,724,0.9,,,,,,,,225640460,138644724,93078040,3318230,,331002647,,,,,,,,,,,,,,,,,,,,,,,56.94,,69.76,,63.85,,64.05
2021-04-25,32077178,32065,572266,279,0.9,,,,27527,,,,228661408,139978480,94772329,3020948,,331002647,,,,,,,,,,,,,,,,,,,,,,,56.94,,69.76,,63.85,,64.05
2021-04-26,32124869,47691,572740,474,,,,,,,,,230768454,140969663,95888088,2107046,,331002647,,,,,,,,,,,,,,,,,,,,,,,56.94,,69.76,,63.85,,64.05
2021-04-27,32175725,50856,573381,641,,,,,,,,,232407669,141751857,96747454,1639215,,331002647,,,,,,,,,,,,,,,,,,,,,,,56.94,,69.76,,63.85,,64.05
,,,,,,,,,,,,,,,,,,,,,,,,,,,,,,,,,,,,,,,,,56.94,,69.76,,63.85,,64.05
